data;horario;km;trecho;sentido;tipo_de_acidente;caminhao;ilesos;levemente_feridos;moderadamente_feridos;gravemente_feridos;mortos
17/10/2013;20:13:00;673,241;BR-376/PR;Sul;Saida de Pista;1;1;;;;
18/10/2013;06:52:00;99,7;BR-116/PR;Norte;Saida de Pista;1;1;;;;
18/10/2013;17:21:00;158,863;BR-101/SC;Sul;Tombamento;1;1;;;;
21/10/2013;19:09:00;653,2;BR-376/PR;Sul;Saida de Pista;1;1;;;;
22/10/2013;21:56:00;110,168;BR-101/SC;Norte;Saida de Pista;1;2;;;;
24/10/2013;01:13:00;191,44;BR-101/SC;Sul;Tombamento;1;1;;;;
24/10/2013;01:47:00;658,375;BR-376/PR;Norte;Saida de Pista;1;0;1;;;
25/10/2013;08:25:00;107,513;BR-116/PR;Sul;Saida de Pista;1;1;;;;
25/10/2013;20:11:00;637,831;BR-376/PR;Norte;Saida de Pista;1;1;;;;
26/10/2013;12:24:00;92,966;BR-116/PR;Sul;Saida de Pista;1;1;;;;
26/10/2013;15:32:00;102,498;BR-116/PR;Sul;Tombamento;1;0;;;1;
26/10/2013;00:19:00;665;BR-376/PR;Sul;Saida de Pista;1;1;;;;
26/10/2013;14:38:00;668,498;BR-376/PR;Sul;Tombamento;1;1;;;;
27/10/2013;06:35:00;652,478;BR-376/PR;Norte;Tombamento;1;1;;;;
29/10/2013;08:19:00;141,3;BR-101/SC;Norte;Capotamento;1;1;1;;;
30/10/2013;19:28:00;665,378;BR-376/PR;Sul;Saida de Pista;1;1;;;;
31/10/2013;01:22:00;663,861;BR-376/PR;Norte;Tombamento;1;1;;;;
31/10/2013;05:18:00;664,298;BR-376/PR;Norte;Tombamento;1;1;;;;
31/10/2013;13:16:00;674,531;BR-376/PR;Norte;Saida de Pista;1;1;;;;
31/10/2013;19:36:00;679,2;BR-376/PR;Sul;Saida de Pista;1;1;;;;
01/11/2013;12:21:00;628,024;BR-376/PR;Norte;Saida de Pista;1;2;;;;
01/11/2013;00:38:00;652,57;BR-376/PR;Sul;Saida de Pista;1;1;;;;
01/11/2013;15:18:00;665,8;BR-376/PR;Sul;Tombamento;1;0;1;;;
02/11/2013;03:37:00;665;BR-376/PR;Sul;Saida de Pista;1;1;;;;
03/11/2013;08:21:00;99,633;BR-116/PR;Norte;Tombamento;1;1;;;;
03/11/2013;16:46:00;659,2;BR-376/PR;Norte;Saida de Pista;1;1;;;;
04/11/2013;18:49:00;665,48;BR-376/PR;Sul;Tombamento;1;1;;;;
04/11/2013;07:43:00;668,558;BR-376/PR;Sul;Tombamento;1;1;;;;
04/11/2013;20:23:00;671,7;BR-376/PR;Sul;Saida de Pista;1;1;;;;
05/11/2013;10:27:00;242,242;BR-101/SC;Norte;Tombamento;1;1;1;;;
05/11/2013;09:29:00;679,376;BR-376/PR;Sul;Saida de Pista;1;0;1;;;
07/11/2013;22:24:00;64,95;BR-101/SC;Sul;Saida de Pista;1;1;;;;
07/11/2013;22:00:00;94,2;BR-116/PR;Norte;Saida de Pista;1;1;;;;
08/11/2013;14:49:00;133,104;BR-101/SC;Sul;Capotamento;1;2;;;;
08/11/2013;19:56:00;660,328;BR-376/PR;Sul;Tombamento;2;1;;;;1
08/11/2013;05:15:00;662,677;BR-376/PR;Norte;Saida de Pista;1;1;;;;
09/11/2013;07:49:00;668,479;BR-376/PR;Norte;Saida de Pista;1;2;;;;
10/11/2013;22:53:00;634,964;BR-376/PR;Norte;Tombamento;1;1;;;;
10/11/2013;20:55:00;670,792;BR-376/PR;Norte;Tombamento;1;1;;;;
11/11/2013;04:14:00;83,7;BR-116/PR;Norte;Saida de Pista;1;1;;;;
11/11/2013;01:04:00;91,517;BR-116/PR;Norte;Saida de Pista;1;1;;;;
11/11/2013;08:13:00;108,87;BR-116/PR;Sul;Saida de Pista;1;1;;;;
11/11/2013;02:48:00;671,7;BR-376/PR;Sul;Saida de Pista;1;1;;;;
12/11/2013;05:54:00;116,832;BR-101/SC;Sul;Tombamento;1;2;;;;
13/11/2013;20:22:00;117,1;BR-101/SC;Sul;Saida de Pista;1;1;;;;
13/11/2013;11:50:00;661,586;BR-376/PR;Sul;Saida de Pista;1;1;;;;
13/11/2013;19:35:00;671,7;BR-376/PR;Sul;Saida de Pista;1;1;;;;
14/11/2013;11:04:00;108,618;BR-116/PR;Sul;Saida de Pista;1;0;;1;;
14/11/2013;07:07:00;109;BR-116/PR;Sul;Saida de Pista;1;1;;;;
15/11/2013;05:04:00;234,515;BR-101/SC;Sul;Saida de Pista;1;1;;;;
18/11/2013;05:38:00;50,781;BR-101/SC;Sul;Tombamento;1;0;1;;;
18/11/2013;19:16:00;106,624;BR-116/PR;Sul;Saida de Pista;1;1;;;;
18/11/2013;22:19:00;198,035;BR-101/SC;Sul;Saida de Pista;1;1;;;;
19/11/2013;16:26:00;671,7;BR-376/PR;Sul;Saida de Pista;1;1;;;;
20/11/2013;06:09:00;64,251;BR-101/SC;Sul;Saida de Pista;1;1;;;;
21/11/2013;03:39:00;82,247;BR-116/PR;Norte;Tombamento;1;2;;;;
21/11/2013;02:35:00;83,9;BR-116/PR;Norte;Saida de Pista;1;1;;;;
21/11/2013;15:11:00;98,854;BR-101/SC;Norte;Tombamento;1;2;;;;
21/11/2013;01:08:00;196,792;BR-101/SC;Sul;Saida de Pista;1;1;;;;
21/11/2013;17:59:00;662,627;BR-376/PR;Sul;Saida de Pista;1;1;;;;
21/11/2013;09:23:00;671,7;BR-376/PR;Sul;Saida de Pista;1;1;;;;
22/11/2013;09:58:00;21,95;BR-101/SC;Norte;Saida de Pista;1;1;;;;
22/11/2013;12:11:00;652,533;BR-376/PR;Sul;Saida de Pista;1;1;;;;
22/11/2013;10:59:00;674,02;BR-376/PR;Sul;Saida de Pista;1;1;;;;
22/11/2013;10:51:00;674,8;BR-376/PR;Norte;Saida de Pista;1;3;;;;
23/11/2013;20:28:00;656,677;BR-376/PR;Norte;Saida de Pista;1;1;2;;;
24/11/2013;01:34:00;37,028;BR-101/SC;Sul;Saida de Pista;1;0;1;;;
24/11/2013;21:05:00;81,938;BR-116/PR;Norte;Saida de Pista;1;1;;;;
24/11/2013;06:01:00;88,273;BR-116/PR;Norte;Tombamento;1;2;;;;
24/11/2013;16:45:00;101,117;BR-116/PR;Norte;Saida de Pista;1;1;;;;
24/11/2013;11:43:00;127,101;BR-101/SC;Norte;Saida de Pista;1;1;;;;
25/11/2013;06:44:00;110,502;BR-101/SC;Sul;Saida de Pista;1;1;;;;
25/11/2013;08:59:00;652,457;BR-376/PR;Sul;Saida de Pista;1;1;;;;
25/11/2013;15:33:00;659,394;BR-376/PR;Norte;Saida de Pista;2;2;;;;
26/11/2013;18:04:00;99,589;BR-116/PR;Norte;Saida de Pista;1;1;;;;
26/11/2013;09:05:00;622,406;BR-376/PR;Norte;Saida de Pista;1;1;;;;
26/11/2013;12:31:00;658,482;BR-376/PR;Norte;Saida de Pista;1;1;;;;
26/11/2013;13:50:00;675,8;BR-376/PR;Sul;Saida de Pista;1;1;;;;
27/11/2013;14:36:00;99,7;BR-101/SC;Norte;Saida de Pista;1;1;;;;
27/11/2013;08:54:00;139,339;BR-101/SC;Sul;Tombamento;1;1;;;;
28/11/2013;08:38:00;112;BR-101/SC;Norte;Saida de Pista;1;1;;;;
28/11/2013;23:43:00;652,449;BR-376/PR;Sul;Saida de Pista;1;1;;;;
29/11/2013;09:30:00;75,767;BR-116/PR;Norte;Saida de Pista;1;1;;;;
29/11/2013;06:02:00;234,23;BR-101/SC;Norte;Saida de Pista;1;1;;;;
30/11/2013;04:32:00;169,133;BR-101/SC;Sul;Saida de Pista;1;1;;;;
30/11/2013;09:18:00;235,715;BR-101/SC;Sul;Tombamento;1;0;;;1;
01/12/2013;11:20:00;4,001;BR-101/SC;Norte;Saida de Pista;1;2;;;;
01/12/2013;17:28:00;7,3;BR-101/SC;Sul;Saida de Pista;1;1;;;;
01/12/2013;09:51:00;184,8;BR-101/SC;Norte;Capotamento;1;2;;;1;
02/12/2013;16:25:00;84,5;BR-116/PR;Norte;Saida de Pista;1;1;;;;
02/12/2013;17:06:00;227,87;BR-101/SC;Sul;Saida de Pista;1;1;;;;
03/12/2013;22:18:00;666,177;BR-376/PR;Sul;Tombamento;1;1;;;;
04/12/2013;18:34:00;108;BR-116/PR;Norte;Saida de Pista;1;1;;;;
05/12/2013;06:48:00;57,809;BR-101/SC;Sul;Tombamento;1;0;1;;;
05/12/2013;07:06:00;108,095;BR-101/SC;Norte;Saida de Pista;1;2;2;;;
05/12/2013;08:20:00;122,445;BR-101/SC;Sul;Tombamento;1;2;;;;
05/12/2013;06:30:00;165,27;BR-101/SC;Norte;Saida de Pista;1;6;;;;
06/12/2013;01:56:00;655,248;BR-376/PR;Norte;Tombamento;1;1;;;;
07/12/2013;13:53:00;7,089;BR-101/SC;Sul;Saida de Pista;1;0;1;;;
07/12/2013;12:19:00;41,931;BR-101/SC;Sul;Tombamento;1;0;;1;;
07/12/2013;02:47:00;649,297;BR-376/PR;Norte;Saida de Pista;1;1;;;;
08/12/2013;01:14:00;83,771;BR-116/PR;Norte;Saida de Pista;1;1;;;;
09/12/2013;06:12:00;177,335;BR-101/SC;Norte;Tombamento;1;1;;;;
10/12/2013;10:39:00;66,187;BR-101/SC;Norte;Saida de Pista;1;1;1;;;
10/12/2013;07:32:00;673,043;BR-376/PR;Sul;Tombamento;3;2;1;;;
11/12/2013;08:36:00;56,459;BR-101/SC;Sul;Saida de Pista;1;1;;;;
11/12/2013;03:03:00;102,425;BR-101/SC;Sul;Tombamento;1;2;;;;
11/12/2013;05:29:00;241,603;BR-101/SC;Norte;Saida de Pista;1;0;;;;1
11/12/2013;02:30:00;666,2;BR-376/PR;Sul;Saida de Pista;1;1;;;;
13/12/2013;13:22:00;211,3;BR-101/SC;Norte;Saida de Pista;1;2;;;;
13/12/2013;19:51:00;626,64;BR-376/PR;Norte;Tombamento;1;1;;;;
14/12/2013;06:30:00;51,1;BR-101/SC;Sul;Capotamento;1;1;;1;;
14/12/2013;10:18:00;111,42;BR-101/SC;Norte;Tombamento;1;1;;;;
14/12/2013;15:48:00;635,35;BR-376/PR;Norte;Saida de Pista;1;1;;;;
14/12/2013;11:44:00;671,7;BR-376/PR;Sul;Saida de Pista;1;1;;;;
15/12/2013;17:44:00;671,7;BR-376/PR;Sul;Saida de Pista;1;1;;;;
18/12/2013;06:51:00;80,217;BR-116/PR;Norte;Tombamento;1;1;;;;
18/12/2013;05:37:00;111,45;BR-116/PR;Norte;Saida de Pista;1;0;1;;;
18/12/2013;23:21:00;192,051;BR-101/SC;Norte;Tombamento;2;1;1;;;
19/12/2013;02:36:00;168,7;BR-101/SC;Sul;Saida de Pista;1;1;;;;
20/12/2013;12:54:00;100,642;BR-116/PR;Sul;Tombamento;1;1;;;;
20/12/2013;15:18:00;208,25;BR-101/SC;Sul;Tombamento;1;1;;;;
20/12/2013;21:58:00;641,433;BR-376/PR;Sul;Tombamento;1;2;;;;
20/12/2013;00:44:00;644,67;BR-376/PR;Sul;Saida de Pista;1;1;;;;
20/12/2013;17:48:00;671,751;BR-376/PR;Norte;Saida de Pista;1;1;;;;
20/12/2013;15:59:00;672,543;BR-376/PR;Sul;Saida de Pista;1;2;;;;
20/12/2013;17:12:00;673,028;BR-376/PR;Sul;Saida de Pista;1;1;;;;
21/12/2013;10:58:00;121,9;BR-101/SC;Norte;Saida de Pista;1;1;;;;
21/12/2013;17:14:00;644,485;BR-376/PR;Sul;Saida de Pista;1;1;;;;
21/12/2013;12:12:00;652,544;BR-376/PR;Sul;Saida de Pista;1;1;;;;
21/12/2013;20:51:00;674,922;BR-376/PR;Norte;Tombamento;1;1;;;;
29/12/2013;16:11:00;137,729;BR-101/SC;Norte;Saida de Pista;1;1;;;;
30/12/2013;14:24:00;63,5;BR-101/SC;Sul;Saida de Pista;1;1;1;;;
31/12/2013;17:39:00;181,068;BR-101/SC;Sul;Tombamento;1;1;1;;;
01/01/2014;11:29:00;667,745;BR-376/PR;Sul;Tombamento;1;0;1;;;
02/01/2014;16:42:00;82,429;BR-116/PR;Norte;Saida de Pista;1;1;;;;
02/01/2014;18:44:00;119,8;BR-101/SC;Sul;Saida de Pista;1;1;;;;
04/01/2014;04:44:00;39,251;BR-101/SC;Sul;Saida de Pista;1;2;;;;
04/01/2014;23:06:00;97,26;BR-101/SC;Norte;Saida de Pista;1;3;3;1;;
05/01/2014;19:42:00;671,7;BR-376/PR;Sul;Saida de Pista;1;1;;;;
06/01/2014;08:58:00;666,3;BR-376/PR;Sul;Tombamento;1;1;;;;
07/01/2014;14:54:00;4,424;BR-101/SC;Norte;Tombamento;1;1;;;;
07/01/2014;15:55:00;115,9;BR-101/SC;Sul;Saida de Pista;1;1;;;;
07/01/2014;03:44:00;668,478;BR-376/PR;Sul;Tombamento;1;1;;;;
09/01/2014;23:05:00;20,896;BR-101/SC;Norte;Tombamento;1;1;;;;
09/01/2014;13:18:00;106,982;BR-116/PR;Sul;Saida de Pista;1;1;;;;
09/01/2014;14:56:00;659,644;BR-376/PR;Norte;Saida de Pista;1;1;;;;
10/01/2014;06:30:00;671,528;BR-376/PR;Sul;Saida de Pista;1;1;;;;
12/01/2014;21:28:00;107,2;BR-116/PR;Norte;Saida de Pista;1;2;;;;
13/01/2014;09:56:00;66,901;BR-101/SC;Sul;Saida de Pista;1;1;;;;
16/01/2014;15:04:00;103,063;BR-116/PR;Sul;Saida de Pista;1;1;;;;
17/01/2014;00:50:00;644,452;BR-376/PR;Norte;Tombamento;1;0;;1;;
17/01/2014;01:45:00;644,452;BR-376/PR;Norte;Saida de Pista;1;1;;;;
18/01/2014;09:42:00;660,419;BR-376/PR;Norte;Tombamento;1;1;;;;
18/01/2014;12:33:00;668,7;BR-376/PR;Sul;Tombamento;1;1;;;;
20/01/2014;16:01:00;111,501;BR-101/SC;Norte;Tombamento;1;1;;;;
21/01/2014;19:37:00;615,643;BR-376/PR;Sul;Capotamento;1;1;1;;;
22/01/2014;22:44:00;677,807;BR-376/PR;Norte;Saida de Pista;1;0;;;1;
23/01/2014;06:15:00;46,701;BR-101/SC;Sul;Capotamento;1;2;;;;
24/01/2014;20:04:00;169,3;BR-101/SC;Sul;Saida de Pista;1;2;;;;
25/01/2014;02:07:00;184,22;BR-101/SC;Sul;Saida de Pista;2;2;;;;
27/01/2014;13:58:00;643,2;BR-376/PR;Norte;Saida de Pista;1;1;;;;
28/01/2014;20:58:00;670,4;BR-376/PR;Norte;Tombamento;1;1;;;;
30/01/2014;12:00:00;671,7;BR-376/PR;Sul;Saida de Pista;1;1;;;;
30/01/2014;16:04:00;671,9;BR-376/PR;Sul;Saida de Pista;1;1;;;;
31/01/2014;12:39:00;643,055;BR-376/PR;Norte;Tombamento;1;1;;;;
01/02/2014;04:56:00;82,175;BR-116/PR;Sul;Tombamento;1;1;;;;
01/02/2014;17:43:00;655,758;BR-376/PR;Norte;Tombamento;1;0;;1;;2
02/02/2014;08:38:00;2,963;BR-101/SC;Sul;Tombamento;1;1;;;;
03/02/2014;00:44:00;242,3;BR-101/SC;Norte;Saida de Pista;1;1;;;;
04/02/2014;17:36:00;88;BR-116/PR;Sul;Saida de Pista;1;1;;;;
08/02/2014;11:40:00;643,149;BR-376/PR;Norte;Tombamento;1;1;;;;
11/02/2014;06:26:00;217,43;BR-101/SC;Norte;Saida de Pista;1;1;;;;
12/02/2014;11:29:00;175,833;BR-101/SC;Norte;Saida de Pista;1;1;;;;
13/02/2014;15:31:00;218,333;BR-101/SC;Sul;Tombamento;1;1;;;;
15/02/2014;15:48:00;659,952;BR-376/PR;Norte;Saida de Pista;1;1;;;;
17/02/2014;16:30:00;86,801;BR-116/PR;Sul;Saida de Pista;1;2;;;;
17/02/2014;05:10:00;204,5;BR-101/SC;Sul;Tombamento;1;1;1;;;
17/02/2014;05:26:00;235,5;BR-101/SC;Norte;Saida de Pista;1;1;;;;
17/02/2014;10:41:00;671,723;BR-376/PR;Sul;Saida de Pista;1;0;1;;;
18/02/2014;07:47:00;101,9;BR-116/PR;Sul;Saida de Pista;1;1;;;;
18/02/2014;07:29:00;107,012;BR-116/PR;Sul;Capotamento;1;2;;;;
18/02/2014;23:52:00;234,5;BR-101/SC;Norte;Tombamento;1;1;1;;;
18/02/2014;21:05:00;655,353;BR-376/PR;Norte;Tombamento;1;1;;;;
19/02/2014;06:21:00;138,985;BR-101/SC;Sul;Tombamento;1;1;;;;
19/02/2014;07:06:00;168,984;BR-101/SC;Sul;Saida de Pista;1;1;;;;
20/02/2014;14:06:00;672,784;BR-376/PR;Sul;Saida de Pista;1;1;;;;
21/02/2014;14:51:00;13,451;BR-101/SC;Norte;Saida de Pista;1;1;;;;
21/02/2014;23:06:00;667,965;BR-376/PR;Sul;Tombamento;1;1;;;;
22/02/2014;05:50:00;103,75;BR-116/PR;Norte;Tombamento;1;2;1;;;
22/02/2014;08:12:00;669,29;BR-376/PR;Sul;Tombamento;1;1;;;;
23/02/2014;14:48:00;652,9;BR-376/PR;Sul;Saida de Pista;1;1;;;;
24/02/2014;00:15:00;175,165;BR-101/SC;Norte;Tombamento;1;0;;1;;
24/02/2014;01:42:00;642,585;BR-376/PR;Norte;Saida de Pista;1;1;;;;
25/02/2014;05:06:00;21,123;BR-101/SC;Sul;Saida de Pista;1;1;;;;
25/02/2014;12:01:00;671,7;BR-376/PR;Sul;Saida de Pista;1;0;;1;;
26/02/2014;19:27:00;99,169;BR-116/PR;Norte;Saida de Pista;1;1;;;;
26/02/2014;06:02:00;655,3;BR-376/PR;Norte;Tombamento;1;2;;;;
26/02/2014;17:25:00;667,706;BR-376/PR;Sul;Saida de Pista;1;1;;;;
27/02/2014;23:42:00;3,144;BR-101/SC;Norte;Tombamento;1;1;;;;
27/02/2014;15:34:00;39,2;BR-101/SC;Sul;Saida de Pista;2;1;1;;;
27/02/2014;07:23:00;95,924;BR-116/PR;Norte;Saida de Pista;1;2;;;;
27/02/2014;19:06:00;98;BR-116/PR;Sul;Saida de Pista;1;1;;;;
27/02/2014;07:31:00;121,374;BR-101/SC;Sul;Tombamento;1;1;;;;
28/02/2014;23:36:00;99,5;BR-116/PR;Norte;Saida de Pista;1;1;;;;
28/02/2014;22:54:00;111,457;BR-101/SC;Norte;Saida de Pista;2;2;;;;
04/03/2014;07:37:00;92,687;BR-116/PR;Norte;Saida de Pista;1;2;;;;
05/03/2014;17:39:00;105,7;BR-116/PR;Sul;Saida de Pista;1;1;;;;
05/03/2014;11:37:00;108,006;BR-116/PR;Norte;Saida de Pista;1;1;;;;
05/03/2014;02:30:00;664,829;BR-376/PR;Norte;Saida de Pista;1;0;;2;1;
06/03/2014;08:01:00;0,102;BR-101/SC;Norte;Saida de Pista;1;1;;;;
07/03/2014;01:46:00;82,656;BR-116/PR;Norte;Tombamento;1;1;;;;
07/03/2014;15:27:00;666,2;BR-376/PR;Sul;Saida de Pista;1;1;;;;
08/03/2014;01:12:00;117,86;BR-101/SC;Norte;Saida de Pista;1;1;;;;
08/03/2014;15:02:00;677,198;BR-376/PR;Norte;Saida de Pista;1;1;;;;
09/03/2014;22:32:00;109,944;BR-116/PR;Sul;Saida de Pista;1;1;1;1;;
10/03/2014;01:27:00;108,973;BR-101/SC;Sul;Saida de Pista;1;0;1;;;
10/03/2014;14:56:00;158,635;BR-101/SC;Sul;Tombamento;1;0;;1;;
10/03/2014;15:23:00;633,7;BR-376/PR;Norte;Tombamento;1;1;;;;
11/03/2014;12:49:00;94,918;BR-116/PR;Sul;Saida de Pista;1;1;;;;
11/03/2014;15:01:00;102,237;BR-116/PR;Sul;Tombamento;1;1;;;;
11/03/2014;15:34:00;108,422;BR-116/PR;Sul;Saida de Pista;3;4;;;;
11/03/2014;07:57:00;140,637;BR-101/SC;Sul;Saida de Pista;1;1;;;;
11/03/2014;02:15:00;674,6;BR-376/PR;Sul;Tombamento;1;1;;;;
12/03/2014;11:50:00;42,881;BR-101/SC;Norte;Saida de Pista;1;1;;;;
12/03/2014;17:51:00;77,2;BR-101/SC;Norte;Saida de Pista;1;1;;;;
12/03/2014;19:29:00;671,1;BR-376/PR;Sul;Saida de Pista;1;1;;;;
12/03/2014;05:24:00;671,7;BR-376/PR;Sul;Saida de Pista;1;1;;;;
13/03/2014;11:18:00;25,981;BR-101/SC;Norte;Saida de Pista;1;2;;;;
13/03/2014;04:56:00;91,475;BR-116/PR;Norte;Saida de Pista;1;1;;;;
13/03/2014;18:26:00;105,879;BR-116/PR;Sul;Saida de Pista;4;4;;;;
13/03/2014;08:34:00;170;BR-101/SC;Sul;Saida de Pista;1;1;;;;
13/03/2014;05:48:00;671,4;BR-376/PR;Sul;Saida de Pista;1;1;;;;
14/03/2014;17:04:00;99,3;BR-101/SC;Sul;Saida de Pista;1;1;;;;
14/03/2014;05:58:00;113,102;BR-101/SC;Norte;Tombamento;1;1;;;;
15/03/2014;23:41:00;36,5;BR-101/SC;Norte;Saida de Pista;1;1;;;;
15/03/2014;07:45:00;676,296;BR-376/PR;Sul;Saida de Pista;1;2;;;;
16/03/2014;08:14:00;186,212;BR-101/SC;Sul;Tombamento;1;1;1;;;
18/03/2014;18:50:00;36,1;BR-101/SC;Sul;Saida de Pista;1;1;;;;
19/03/2014;05:55:00;111,388;BR-101/SC;Sul;Tombamento;1;1;;;;
19/03/2014;07:50:00;660,7;BR-376/PR;Norte;Tombamento;1;1;;;;
19/03/2014;14:33:00;665,609;BR-376/PR;Sul;Saida de Pista;1;1;;;;
20/03/2014;14:06:00;111,537;BR-101/SC;Norte;Tombamento;1;1;;;;
20/03/2014;19:23:00;643;BR-376/PR;Norte;Saida de Pista;1;1;;;;
20/03/2014;15:48:00;658;BR-376/PR;Norte;Saida de Pista;1;1;;;;
21/03/2014;19:35:00;45,8;BR-101/SC;Norte;Tombamento;1;1;;;;
21/03/2014;17:43:00;105,912;BR-116/PR;Sul;Saida de Pista;1;1;;;;
21/03/2014;02:57:00;117,3;BR-101/SC;Sul;Tombamento;1;1;;;;
21/03/2014;08:53:00;651,431;BR-376/PR;Sul;Tombamento;1;2;;;;
21/03/2014;14:14:00;678,157;BR-376/PR;Sul;Saida de Pista;1;1;;;;
22/03/2014;07:05:00;641,996;BR-376/PR;Sul;Saida de Pista;1;1;;;;
26/03/2014;02:42:00;644,874;BR-376/PR;Sul;Saida de Pista;1;0;;1;;
27/03/2014;09:28:00;662,098;BR-376/PR;Norte;Saida de Pista;1;1;2;;;
28/03/2014;23:57:00;660,983;BR-376/PR;Sul;Saida de Pista;1;1;;;;
28/03/2014;10:53:00;671,7;BR-376/PR;Sul;Saida de Pista;1;1;;;;
29/03/2014;08:27:00;143,001;BR-101/SC;Norte;Capotamento;1;2;;;;
30/03/2014;05:26:00;221,98;BR-101/SC;Sul;Capotamento;1;1;1;;;
31/03/2014;08:29:00;677,523;BR-376/PR;Sul;Tombamento;1;2;;;;
01/04/2014;11:37:00;5,912;BR-101/SC;Norte;Saida de Pista;1;0;1;1;;
01/04/2014;03:44:00;13,546;BR-101/SC;Sul;Tombamento;1;1;;;;
01/04/2014;09:42:00;104,312;BR-116/PR;Sul;Capotamento;2;2;;1;;
03/04/2014;00:26:00;28,329;BR-101/SC;Sul;Saida de Pista;1;0;;1;;
03/04/2014;22:11:00;97,5;BR-116/PR;Sul;Saida de Pista;1;1;;;;
03/04/2014;09:29:00;652,2;BR-376/PR;Sul;Tombamento;1;1;;;;
04/04/2014;10:31:00;4,107;BR-101/SC;Sul;Saida de Pista;1;1;;;;
04/04/2014;10:54:00;9,9;BR-101/SC;Norte;Tombamento;1;1;;;;
06/04/2014;09:40:00;671,812;BR-376/PR;Sul;Saida de Pista;1;1;;;;
07/04/2014;12:37:00;107;BR-116/PR;Sul;Saida de Pista;1;1;;;;
07/04/2014;00:39:00;658,87;BR-376/PR;Norte;Saida de Pista;1;1;;;;
08/04/2014;13:09:00;95,262;BR-116/PR;Norte;Tombamento;1;2;1;;;
09/04/2014;17:33:00;47,9;BR-101/SC;Norte;Saida de Pista;1;1;;;;
09/04/2014;06:31:00;74,464;BR-116/PR;Sul;Tombamento;2;2;;;;
10/04/2014;12:05:00;57,541;BR-101/SC;Sul;Tombamento;1;1;;;;
10/04/2014;06:57:00;81,161;BR-101/SC;Sul;Saida de Pista;1;1;;;;
11/04/2014;00:54:00;57,5;BR-101/SC;Sul;Tombamento;1;1;;;;
11/04/2014;19:09:00;106,595;BR-116/PR;Sul;Saida de Pista;1;0;2;;;
11/04/2014;11:21:00;108,001;BR-116/PR;Sul;Saida de Pista;1;1;;;;
11/04/2014;10:38:00;120,4;BR-101/SC;Norte;Tombamento;1;2;;;;
14/04/2014;20:05:00;92,623;BR-116/PR;Norte;Tombamento;1;1;;;;
14/04/2014;00:11:00;677,7;BR-376/PR;Norte;Tombamento;1;1;;;;
15/04/2014;08:59:00;667,9;BR-376/PR;Sul;Saida de Pista;1;0;;1;;
16/04/2014;14:58:00;129,865;BR-101/SC;Sul;Tombamento;1;0;1;;;
17/04/2014;23:42:00;671,05;BR-376/PR;Sul;Saida de Pista;1;1;;;;
18/04/2014;11:51:00;213,423;BR-101/SC;Sul;Saida de Pista;1;2;;;;
19/04/2014;14:48:00;107,05;BR-116/PR;Sul;Tombamento;1;1;2;;;
19/04/2014;02:17:00;110,5;BR-116/PR;Sul;Saida de Pista;1;2;;;;
20/04/2014;08:22:00;625,66;BR-376/PR;Norte;Tombamento;1;1;;;;
21/04/2014;06:45:00;108,435;BR-101/SC;Norte;Tombamento;1;1;;;;
21/04/2014;13:21:00;656,233;BR-376/PR;Norte;Saida de Pista;1;1;;;;
22/04/2014;15:28:00;112;BR-101/SC;Sul;Saida de Pista;1;2;;;;
22/04/2014;16:41:00;153,001;BR-101/SC;Norte;Saida de Pista;2;2;;;;
22/04/2014;09:30:00;203,453;BR-101/SC;Norte;Saida de Pista;1;2;;;;
22/04/2014;16:00:00;644,638;BR-376/PR;Norte;Saida de Pista;1;2;;;;
22/04/2014;12:36:00;665,911;BR-376/PR;Sul;Saida de Pista;1;3;;;;
23/04/2014;12:30:00;111,445;BR-101/SC;Norte;Tombamento;1;1;;;;
24/04/2014;01:10:00;196,671;BR-101/SC;Sul;Saida de Pista;1;1;;;;
24/04/2014;02:10:00;664,65;BR-376/PR;Norte;Saida de Pista;1;2;;;;
24/04/2014;04:32:00;676,439;BR-376/PR;Sul;Saida de Pista;1;1;;;;
24/04/2014;10:13:00;676,565;BR-376/PR;Sul;Saida de Pista;1;1;;;;
25/04/2014;23:35:00;168,113;BR-101/SC;Norte;Saida de Pista;1;1;;;;
27/04/2014;02:00:00;670,644;BR-376/PR;Norte;Saida de Pista;1;1;;;;
28/04/2014;07:26:00;64,15;BR-101/SC;Sul;Saida de Pista;1;2;;;;
28/04/2014;04:05:00;176,492;BR-101/SC;Sul;Tombamento;1;1;;;;
28/04/2014;11:20:00;614,799;BR-376/PR;Norte;Saida de Pista;1;1;;;;
29/04/2014;21:56:00;8,607;BR-101/SC;Sul;Saida de Pista;1;1;;;;
29/04/2014;16:24:00;113,313;BR-116/PR;Norte;Saida de Pista;1;1;;;;
29/04/2014;13:30:00;115,746;BR-101/SC;Norte;Saida de Pista;1;1;;;;
30/04/2014;20:35:00;66,956;BR-101/SC;Norte;Tombamento;1;1;;;;