data;horario;km;trecho;sentido;tipo_de_acidente;caminhao;ilesos;levemente_feridos;moderadamente_feridos;gravemente_feridos;mortos
30/04/2014;16:06:00;88,213;BR-101/SC;Sul;Saida de Pista;1;1;;;;
30/04/2014;10:15:00;102;BR-116/PR;Norte;Saida de Pista;1;2;;;;
30/04/2014;10:28:00;107,1;BR-116/PR;Sul;Saida de Pista;1;2;;;;
30/04/2014;04:48:00;140,4;BR-101/SC;Sul;Saida de Pista;1;1;;;;
30/04/2014;09:45:00;215,714;BR-101/SC;Norte;Capotamento;1;4;;;;
01/05/2014;08:36:00;33,388;BR-101/SC;Norte;Saida de Pista;1;2;;;;
02/05/2014;16:22:00;671,7;BR-376/PR;Sul;Saida de Pista;1;1;;;;
03/05/2014;19:55:00;207,088;BR-101/SC;Norte;Saida de Pista;1;0;;1;;
03/05/2014;20:10:00;671,7;BR-376/PR;Sul;Saida de Pista;1;1;;;;
05/05/2014;20:39:00;153,035;BR-101/SC;Sul;Saida de Pista;1;2;;;;
06/05/2014;19:26:00;5,44;BR-101/SC;Sul;Tombamento;1;1;;;;
08/05/2014;14:51:00;211,3;BR-101/SC;Norte;Saida de Pista;1;1;;;;
08/05/2014;11:46:00;617,8;BR-376/PR;Sul;Capotamento;1;1;;1;;
08/05/2014;12:42:00;675,996;BR-376/PR;Sul;Saida de Pista;1;1;;;;
09/05/2014;10:37:00;676,399;BR-376/PR;Sul;Saida de Pista;1;1;;;;
11/05/2014;11:27:00;666,37;BR-376/PR;Norte;Saida de Pista;1;2;;;;
11/05/2014;18:10:00;666,895;BR-376/PR;Sul;Tombamento;1;1;;;;
12/05/2014;13:11:00;107,475;BR-116/PR;Norte;Saida de Pista;1;1;;;;
13/05/2014;10:39:00;627,734;BR-376/PR;Sul;Saida de Pista;1;1;;;;
14/05/2014;15:46:00;101,1;BR-116/PR;Norte;Saida de Pista;1;1;;;;
15/05/2014;16:57:00;160,101;BR-101/SC;Norte;Saida de Pista;1;1;;;;
16/05/2014;13:19:00;40,827;BR-101/SC;Norte;Tombamento;1;1;;;;
17/05/2014;10:51:00;676,104;BR-376/PR;Sul;Tombamento;1;1;;;;
18/05/2014;23:43:00;671,7;BR-376/PR;Sul;Saida de Pista;1;1;;;;
19/05/2014;13:01:00;5,87;BR-101/SC;Sul;Saida de Pista;1;1;;;;
19/05/2014;02:31:00;676,49;BR-376/PR;Norte;Saida de Pista;1;1;;;;
20/05/2014;05:21:00;3,738;BR-101/SC;Norte;Saida de Pista;1;1;;;;
20/05/2014;03:29:00;206,934;BR-101/SC;Norte;Tombamento;1;0;1;;;
20/05/2014;05:56:00;660,6;BR-376/PR;Norte;Tombamento;1;0;1;;;
20/05/2014;18:40:00;671,9;BR-376/PR;Sul;Saida de Pista;1;1;;;;
21/05/2014;22:17:00;56,633;BR-101/SC;Norte;Saida de Pista;1;1;;;;
22/05/2014;14:37:00;178,566;BR-101/SC;Norte;Saida de Pista;1;1;;;;
22/05/2014;06:16:00;210,22;BR-101/SC;Norte;Tombamento;1;2;;;;
22/05/2014;13:30:00;210,812;BR-101/SC;Sul;Saida de Pista;1;1;;;;
22/05/2014;16:57:00;665,648;BR-376/PR;Sul;Saida de Pista;1;1;;;;
22/05/2014;20:17:00;665,698;BR-376/PR;Sul;Saida de Pista;1;1;;;;
22/05/2014;12:49:00;671,7;BR-376/PR;Sul;Saida de Pista;1;1;;;;
23/05/2014;23:04:00;62,573;BR-101/SC;Sul;Saida de Pista;1;0;1;;;
23/05/2014;23:35:00;76,957;BR-101/SC;Sul;Saida de Pista;1;2;;;;
23/05/2014;18:58:00;660,587;BR-376/PR;Norte;Saida de Pista;1;1;;;;
23/05/2014;11:19:00;672,9;BR-376/PR;Sul;Saida de Pista;1;1;;;;
24/05/2014;00:11:00;161,844;BR-101/SC;Norte;Capotamento;1;3;2;;;
24/05/2014;11:39:00;675,911;BR-376/PR;Sul;Tombamento;1;1;;;;
25/05/2014;02:57:00;10,508;BR-101/SC;Sul;Saida de Pista;1;1;;;;
26/05/2014;09:28:00;41,3;BR-101/SC;Sul;Tombamento;1;1;;;;
27/05/2014;19:13:00;667,714;BR-376/PR;Sul;Tombamento;1;1;;;;
28/05/2014;21:40:00;92,403;BR-116/PR;Norte;Saida de Pista;1;1;;;;
31/05/2014;06:11:00;664,843;BR-376/PR;Sul;Saida de Pista;1;1;;;;
31/05/2014;14:44:00;674,688;BR-376/PR;Sul;Tombamento;1;0;;1;;
02/06/2014;22:58:00;93,147;BR-116/PR;Sul;Saida de Pista;1;1;;;;
02/06/2014;20:07:00;103,882;BR-116/PR;Norte;Saida de Pista;1;1;;;;
02/06/2014;18:24:00;667,529;BR-376/PR;Sul;Tombamento;1;0;2;;;
04/06/2014;12:39:00;120,585;BR-101/SC;Norte;Tombamento;1;1;;;;
04/06/2014;04:07:00;205,8;BR-101/SC;Sul;Tombamento;1;1;;;;
04/06/2014;00:59:00;647,404;BR-376/PR;Norte;Saida de Pista;1;1;;;;
05/06/2014;05:00:00;23,404;BR-101/SC;Norte;Saida de Pista;1;2;;;;
05/06/2014;16:35:00;35,728;BR-101/SC;Norte;Saida de Pista;1;2;;;;
05/06/2014;17:28:00;176,079;BR-101/SC;Norte;Saida de Pista;1;1;;;;
05/06/2014;20:36:00;652,491;BR-376/PR;Sul;Saida de Pista;1;2;;;;
05/06/2014;21:39:00;667,509;BR-376/PR;Sul;Tombamento;1;1;;;;
07/06/2014;13:13:00;180,364;BR-101/SC;Sul;Tombamento;1;1;;;;
08/06/2014;17:51:00;233,532;BR-101/SC;Norte;Saida de Pista;1;1;;;;
09/06/2014;11:03:00;197,14;BR-101/SC;Sul;Capotamento;1;1;1;;;
10/06/2014;10:41:00;104,35;BR-116/PR;Sul;Tombamento;1;1;;;;
10/06/2014;03:42:00;112,85;BR-101/SC;Norte;Tombamento;1;1;;;;
10/06/2014;18:14:00;671,7;BR-376/PR;Sul;Saida de Pista;1;1;;;;
11/06/2014;10:48:00;14,5;BR-101/SC;Norte;Saida de Pista;1;1;;;;
11/06/2014;10:40:00;91,7;BR-101/SC;Norte;Saida de Pista;1;0;1;;;
11/06/2014;21:16:00;616,001;BR-376/PR;Norte;Saida de Pista;1;2;;;;
11/06/2014;04:57:00;627,3;BR-376/PR;Sul;Tombamento;1;1;;;;
11/06/2014;07:45:00;660,508;BR-376/PR;Norte;Saida de Pista;1;2;;;;
12/06/2014;22:57:00;36,194;BR-101/SC;Sul;Saida de Pista;1;1;;;;
12/06/2014;03:06:00;204,502;BR-101/SC;Sul;Saida de Pista;1;1;;;;
12/06/2014;01:12:00;205,9;BR-101/SC;Sul;Saida de Pista;1;0;;1;;
13/06/2014;02:57:00;665,4;BR-376/PR;Sul;Saida de Pista;1;1;;;;
13/06/2014;14:12:00;665,666;BR-376/PR;Sul;Tombamento;1;1;;;;
14/06/2014;01:40:00;91,335;BR-116/PR;Norte;Saida de Pista;1;1;;;;
16/06/2014;13:10:00;174,968;BR-101/SC;Norte;Tombamento;1;0;;1;;
16/06/2014;16:25:00;671,7;BR-376/PR;Sul;Saida de Pista;1;1;;;;
17/06/2014;03:38:00;671,7;BR-376/PR;Sul;Saida de Pista;1;1;;;;
18/06/2014;09:26:00;45,8;BR-101/SC;Sul;Saida de Pista;1;2;;1;;
18/06/2014;11:11:00;675,936;BR-376/PR;Sul;Saida de Pista;1;1;;;;
19/06/2014;05:42:00;118,7;BR-101/SC;Sul;Tombamento;1;1;;;;
24/06/2014;09:36:00;43,154;BR-101/SC;Norte;Capotamento;1;4;;;;
25/06/2014;11:59:00;113,354;BR-101/SC;Sul;Saida de Pista;1;2;;;;
27/06/2014;05:50:00;180,52;BR-101/SC;Sul;Tombamento;1;1;;;;
28/06/2014;10:07:00;88,938;BR-116/PR;Norte;Saida de Pista;1;2;;;;
28/06/2014;01:52:00;121,5;BR-101/SC;Sul;Saida de Pista;1;1;;;;
28/06/2014;00:21:00;218,337;BR-101/SC;Sul;Saida de Pista;1;1;;;;
29/06/2014;16:18:00;111,431;BR-101/SC;Norte;Saida de Pista;1;1;;;;
01/07/2014;18:18:00;652,6;BR-376/PR;Sul;Saida de Pista;1;1;;;;
06/07/2014;10:00:00;671,7;BR-376/PR;Sul;Saida de Pista;1;1;;;;
07/07/2014;14:55:00;665,205;BR-376/PR;Sul;Saida de Pista;1;1;;;;
07/07/2014;23:38:00;671,7;BR-376/PR;Sul;Saida de Pista;1;1;;;;
08/07/2014;13:32:00;108,551;BR-101/SC;Sul;Saida de Pista;1;1;;;;
08/07/2014;11:19:00;112,239;BR-101/SC;Norte;Tombamento;1;2;;;;
09/07/2014;14:54:00;18,901;BR-101/SC;Sul;Saida de Pista;1;2;;;;
09/07/2014;16:08:00;652,9;BR-376/PR;Sul;Capotamento;4;7;;1;;
10/07/2014;05:35:00;664,953;BR-376/PR;Norte;Saida de Pista;1;1;;;;
11/07/2014;22:58:00;234,701;BR-101/SC;Norte;Saida de Pista;1;1;;;;
11/07/2014;02:46:00;652,312;BR-376/PR;Norte;Tombamento;1;1;;;;
11/07/2014;06:31:00;671,7;BR-376/PR;Sul;Saida de Pista;1;1;;;;
11/07/2014;18:35:00;673,1;BR-376/PR;Norte;Saida de Pista;1;2;;;;
11/07/2014;11:45:00;673,21;BR-376/PR;Sul;Tombamento;1;0;;1;;
12/07/2014;00:20:00;55,224;BR-101/SC;Sul;Saida de Pista;1;2;;;;
12/07/2014;04:00:00;57,231;BR-101/SC;Sul;Saida de Pista;1;1;;;;
12/07/2014;12:08:00;675,532;BR-376/PR;Sul;Saida de Pista;1;1;;;;
14/07/2014;13:44:00;668,611;BR-376/PR;Sul;Tombamento;1;1;;;;
17/07/2014;04:04:00;56,586;BR-101/SC;Sul;Saida de Pista;1;1;;;;
17/07/2014;14:33:00;651,3;BR-376/PR;Norte;Saida de Pista;1;1;;;;
19/07/2014;02:41:00;237,1;BR-101/SC;Sul;Tombamento;1;0;1;;;
22/07/2014;10:01:00;111,453;BR-101/SC;Norte;Tombamento;1;1;;;;
22/07/2014;00:00:00;140,895;BR-101/SC;Sul;Saida de Pista;1;1;;;;
23/07/2014;08:41:00;106,392;BR-116/PR;Sul;Saida de Pista;1;1;;;;
23/07/2014;11:20:00;667,663;BR-376/PR;Sul;Tombamento;1;1;;;;
24/07/2014;05:57:00;10,376;BR-101/SC;Sul;Saida de Pista;2;2;;;;
24/07/2014;14:10:00;125,965;BR-101/SC;Norte;Saida de Pista;1;1;;;;
24/07/2014;07:23:00;671,8;BR-376/PR;Sul;Saida de Pista;1;1;;;;
25/07/2014;00:20:00;104,81;BR-116/PR;Sul;Tombamento;1;0;1;;;
25/07/2014;01:19:00;233,406;BR-101/SC;Norte;Saida de Pista;1;1;;;;
26/07/2014;13:52:00;68,812;BR-101/SC;Sul;Saida de Pista;1;3;;;;
26/07/2014;16:12:00;623,737;BR-376/PR;Norte;Saida de Pista;1;2;;;;
28/07/2014;18:38:00;14,435;BR-101/SC;Norte;Saida de Pista;1;1;;;;
28/07/2014;16:17:00;103,169;BR-116/PR;Sul;Saida de Pista;1;1;;;;
28/07/2014;19:11:00;617,549;BR-376/PR;Sul;Tombamento;1;0;1;;;
30/07/2014;14:42:00;641,01;BR-376/PR;Norte;Tombamento;1;1;;;;
30/07/2014;09:38:00;655,4;BR-376/PR;Norte;Tombamento;1;1;;;;
01/09/2014;22:53:00;93,816;BR-116/PR;Norte;Saida de Pista;1;2;;;;
02/09/2014;04:55:00;98,601;BR-116/PR;Sul;Saida de Pista;1;1;;;;
02/09/2014;15:31:00;111,6;BR-101/SC;Norte;Saida de Pista;1;1;;;;
02/09/2014;16:08:00;175,001;BR-101/SC;Sul;Saida de Pista;1;1;;;;
02/09/2014;19:41:00;671,7;BR-376/PR;Sul;Saida de Pista;1;2;;;;
03/09/2014;14:47:00;123,032;BR-101/SC;Norte;Saida de Pista;1;1;;;;
04/09/2014;01:07:00;110,531;BR-101/SC;Norte;Saida de Pista;1;1;;;;
04/09/2014;22:31:00;671,7;BR-376/PR;Sul;Saida de Pista;1;1;;;;
05/09/2014;12:57:00;664,78;BR-376/PR;Norte;Saida de Pista;1;1;;;;
05/09/2014;12:53:00;672,109;BR-376/PR;Sul;Saida de Pista;1;1;;;;
06/09/2014;06:45:00;206,778;BR-101/SC;Norte;Saida de Pista;2;3;;;;
06/09/2014;07:14:00;215,751;BR-101/SC;Sul;Saida de Pista;1;2;;;;
06/09/2014;07:47:00;670,8;BR-376/PR;Sul;Saida de Pista;1;1;;;;
08/09/2014;16:13:00;109,538;BR-116/PR;Sul;Saida de Pista;1;1;;;;
08/09/2014;09:52:00;111,394;BR-116/PR;Norte;Saida de Pista;1;1;;1;;1
08/09/2014;07:24:00;114,366;BR-116/PR;Sul;Saida de Pista;1;1;;;;
09/09/2014;13:18:00;204,301;BR-101/SC;Sul;Capotamento;1;2;;;;
10/09/2014;10:36:00;668,964;BR-376/PR;Sul;Tombamento;1;1;;1;;
11/09/2014;18:45:00;671,7;BR-376/PR;Sul;Saida de Pista;1;1;;;;
12/09/2014;22:16:00;21,28;BR-101/SC;Sul;Saida de Pista;1;2;;;;
12/09/2014;11:40:00;117,279;BR-101/SC;Norte;Saida de Pista;1;2;;;;
12/09/2014;18:11:00;671,7;BR-376/PR;Sul;Saida de Pista;1;1;;;;
13/09/2014;06:57:00;664,7;BR-376/PR;Sul;Saida de Pista;1;1;;;;
13/09/2014;13:58:00;674,3;BR-376/PR;Sul;Saida de Pista;1;2;;;;
14/09/2014;07:48:00;71,398;BR-101/SC;Norte;Saida de Pista;1;0;1;;;
15/09/2014;10:40:00;114,539;BR-116/PR;Norte;Tombamento;1;1;;;;
15/09/2014;06:56:00;116,361;BR-101/SC;Sul;Tombamento;2;3;1;;;
15/09/2014;15:31:00;192,42;BR-101/SC;Norte;Saida de Pista;1;3;1;;1;
17/09/2014;02:08:00;100,936;BR-116/PR;Sul;Saida de Pista;1;1;1;;;
18/09/2014;23:16:00;92,798;BR-116/PR;Sul;Saida de Pista;1;1;;;;
18/09/2014;06:17:00;118,358;BR-101/SC;Sul;Saida de Pista;1;1;;;;
18/09/2014;23:08:00;671,58;BR-376/PR;Norte;Saida de Pista;1;0;;1;;
20/09/2014;22:40:00;84,1;BR-101/SC;Norte;Saida de Pista;1;1;;;;
20/09/2014;23:03:00;96,543;BR-116/PR;Norte;Tombamento;1;1;;;;
20/09/2014;10:20:00;666,01;BR-376/PR;Sul;Saida de Pista;1;1;;;;
22/09/2014;08:57:00;665,258;BR-376/PR;Sul;Tombamento;1;0;1;;;
24/09/2014;10:33:00;180,313;BR-101/SC;Sul;Saida de Pista;1;1;;;;
26/09/2014;06:38:00;120,255;BR-101/SC;Norte;Saida de Pista;1;1;;;;
28/09/2014;16:40:00;120,085;BR-101/SC;Sul;Saida de Pista;1;1;;;;
28/09/2014;09:13:00;653,133;BR-376/PR;Norte;Saida de Pista;1;1;;;;
29/09/2014;00:11:00;243,95;BR-101/SC;Sul;Saida de Pista;1;1;;;;
29/09/2014;09:06:00;622,2;BR-376/PR;Norte;Saida de Pista;1;3;;;;
29/09/2014;08:25:00;659,947;BR-376/PR;Sul;Saida de Pista;1;1;;;;
30/09/2014;15:57:00;169,595;BR-101/SC;Sul;Saida de Pista;1;1;;;;
30/09/2014;16:45:00;174,928;BR-101/SC;Norte;Saida de Pista;1;0;2;;;
30/09/2014;19:41:00;652,483;BR-376/PR;Sul;Tombamento;1;1;;;;
01/11/2014;11:16:00;85,855;BR-116/PR;Sul;Tombamento;4;4;;1;;
01/11/2014;01:30:00;620,801;BR-376/PR;Sul;Tombamento;1;1;;;;
01/11/2014;12:19:00;671,7;BR-376/PR;Sul;Saida de Pista;1;1;;;;
01/11/2014;15:01:00;671,7;BR-376/PR;Sul;Saida de Pista;1;1;;;;
01/11/2014;10:34:00;674,5;BR-376/PR;Sul;Saida de Pista;1;1;;;;
02/11/2014;05:28:00;671,7;BR-376/PR;Sul;Saida de Pista;1;1;;;;
03/11/2014;16:02:00;124,371;BR-101/SC;Sul;Saida de Pista;1;1;;;;
04/11/2014;18:47:00;658,655;BR-376/PR;Norte;Saida de Pista;1;1;;;;
07/11/2014;18:14:00;108,186;BR-116/PR;Sul;Tombamento;1;1;;;;
08/11/2014;05:10:00;106,2;BR-116/PR;Norte;Saida de Pista;1;2;;;;
08/11/2014;21:54:00;232,734;BR-101/SC;Sul;Saida de Pista;2;2;;;;
10/11/2014;08:26:00;668,601;BR-376/PR;Sul;Saida de Pista;1;1;;;;
11/11/2014;08:18:00;109,901;BR-116/PR;Sul;Saida de Pista;1;1;;;;
12/11/2014;09:41:00;98,6;BR-101/SC;Norte;Tombamento;1;3;;;;
12/11/2014;08:43:00;191,02;BR-101/SC;Sul;Saida de Pista;1;1;;;;
12/11/2014;14:27:00;673,4;BR-376/PR;Sul;Saida de Pista;1;1;;;;
14/11/2014;23:16:00;668,001;BR-376/PR;Norte;Saida de Pista;1;1;;;;
15/11/2014;05:00:00;18,001;BR-101/SC;Sul;Saida de Pista;2;1;;;;1
15/11/2014;18:03:00;57,622;BR-101/SC;Norte;Tombamento;1;0;3;;;
16/11/2014;17:59:00;671,7;BR-376/PR;Sul;Saida de Pista;1;1;;;;
17/11/2014;02:27:00;676,6;BR-376/PR;Sul;Saida de Pista;1;0;;;1;
18/11/2014;11:47:00;190,923;BR-101/SC;Norte;Tombamento;1;1;;;;
20/11/2014;11:00:00;668,3;BR-376/PR;Sul;Tombamento;1;0;1;;;
21/11/2014;00:01:00;110,947;BR-101/SC;Norte;Saida de Pista;1;0;1;;;
21/11/2014;10:48:00;673,001;BR-376/PR;Sul;Saida de Pista;1;1;;;;
23/11/2014;06:11:00;207,048;BR-101/SC;Norte;Tombamento;1;1;;;;
25/11/2014;06:57:00;103,098;BR-116/PR;Sul;Saida de Pista;1;1;;2;;
25/11/2014;12:59:00;111,19;BR-116/PR;Norte;Tombamento;1;1;;;;
25/11/2014;15:14:00;169,595;BR-101/SC;Sul;Saida de Pista;1;1;;;;
25/11/2014;11:36:00;180,5;BR-101/SC;Sul;Saida de Pista;1;1;;;;
27/11/2014;03:29:00;110,301;BR-116/PR;Sul;Saida de Pista;1;1;;;;
27/11/2014;01:44:00;236,933;BR-101/SC;Sul;Saida de Pista;1;1;;;;
28/11/2014;02:34:00;123,5;BR-101/SC;Sul;Saida de Pista;1;1;;;;
28/11/2014;11:50:00;671,7;BR-376/PR;Sul;Saida de Pista;1;1;;;;
29/11/2014;04:10:00;0,8;BR-101/SC;Norte;Saida de Pista;1;1;;;;
02/01/2015;14:50:00;66,5;BR-101/SC;Norte;Saida de Pista;1;1;;;;
02/01/2015;18:20:00;119,301;BR-101/SC;Sul;Saida de Pista;1;0;2;;;
04/01/2015;07:09:00;106,001;BR-116/PR;Norte;Saida de Pista;1;1;;;;
04/01/2015;05:21:00;629,2;BR-376/PR;Sul;Capotamento;1;2;;;;
09/01/2015;19:09:00;139,1;BR-101/SC;Norte;Saida de Pista;1;1;;;;
10/01/2015;09:58:00;116,543;BR-101/SC;Norte;Capotamento;1;1;3;2;;
11/01/2015;03:28:00;41,745;BR-101/SC;Norte;Capotamento;2;3;;;;
11/01/2015;11:31:00;94,3;BR-101/SC;Norte;Capotamento;1;4;;;;
13/01/2015;23:20:00;86,278;BR-116/PR;Norte;Tombamento;1;1;;;;
13/01/2015;06:24:00;182,026;BR-101/SC;Sul;Saida de Pista;1;2;;;;
13/01/2015;16:47:00;670,799;BR-376/PR;Norte;Saida de Pista;1;0;1;;;
14/01/2015;07:46:00;153,05;BR-101/SC;Sul;Saida de Pista;1;1;;;;
15/01/2015;03:38:00;232,102;BR-101/SC;Sul;Saida de Pista;1;2;;;;
15/01/2015;13:46:00;641,95;BR-376/PR;Sul;Saida de Pista;1;1;;;;
15/01/2015;01:42:00;671,701;BR-376/PR;Sul;Saida de Pista;1;1;;;;
17/01/2015;00:25:00;108,9;BR-101/SC;Sul;Saida de Pista;1;1;;;;
17/01/2015;14:58:00;671,7;BR-376/PR;Sul;Saida de Pista;1;1;;;;
19/01/2015;16:18:00;614,69;BR-376/PR;Norte;Saida de Pista;1;1;;;;
19/01/2015;19:40:00;615,101;BR-376/PR;Sul;Saida de Pista;1;1;;;;
19/01/2015;16:26:00;616,827;BR-376/PR;Sul;Saida de Pista;1;0;1;;;
20/01/2015;17:20:00;199,3;BR-101/SC;Norte;Saida de Pista;1;1;;;;
20/01/2015;18:23:00;634,5;BR-376/PR;Norte;Saida de Pista;1;1;;;;
20/01/2015;07:48:00;665,955;BR-376/PR;Sul;Tombamento;1;1;;;;
22/01/2015;02:43:00;673,915;BR-376/PR;Norte;Tombamento;1;1;;;;
22/01/2015;19:27:00;673,915;BR-376/PR;Norte;Tombamento;1;1;1;;;
23/01/2015;15:02:00;669,886;BR-376/PR;Norte;Saida de Pista;1;1;;;;
25/01/2015;18:22:00;10,6;BR-101/SC;Norte;Saida de Pista;1;1;;;;
25/01/2015;04:56:00;653,001;BR-376/PR;Sul;Capotamento;1;3;;;;
26/01/2015;08:05:00;116,001;BR-101/SC;Norte;Saida de Pista;1;1;;;;
26/01/2015;10:10:00;668,201;BR-376/PR;Sul;Tombamento;1;0;1;;;
28/01/2015;20:09:00;6,199;BR-101/SC;Norte;Tombamento;1;1;;;;
28/01/2015;16:33:00;221,294;BR-101/SC;Norte;Saida de Pista;1;1;;;;
30/01/2015;13:57:00;105,843;BR-116/PR;Norte;Saida de Pista;1;1;;;;
30/01/2015;04:10:00;617,001;BR-376/PR;Sul;Saida de Pista;1;2;;;;
30/01/2015;13:58:00;673,499;BR-376/PR;Sul;Tombamento;1;1;;;;
01/02/2015;04:20:00;617,178;BR-376/PR;Sul;Tombamento;1;0;1;;;
02/02/2015;21:13:00;671,6;BR-376/PR;Sul;Saida de Pista;1;1;;;;
02/02/2015;06:48:00;671,8;BR-376/PR;Sul;Saida de Pista;1;3;;;;
03/02/2015;03:16:00;141,554;BR-101/SC;Sul;Tombamento;1;0;;1;;
04/02/2015;00:51:00;107,195;BR-116/PR;Norte;Saida de Pista;1;1;;;;
04/02/2015;01:28:00;664,135;BR-376/PR;Norte;Saida de Pista;1;1;;;;
05/02/2015;16:47:00;106,3;BR-116/PR;Sul;Saida de Pista;1;2;;;;
07/02/2015;07:46:00;669,9;BR-376/PR;Sul;Saida de Pista;1;1;;;;
09/02/2015;12:23:00;108,9;BR-101/SC;Sul;Saida de Pista;1;0;2;;;
09/02/2015;23:57:00;110,3;BR-101/SC;Sul;Capotamento;1;2;1;;;
11/02/2015;03:48:00;79,5;BR-116/PR;Norte;Saida de Pista;1;1;;;;
13/02/2015;21:55:00;653,569;BR-376/PR;Norte;Saida de Pista;1;1;;;;
14/02/2015;19:15:00;92,9;BR-116/PR;Norte;Saida de Pista;1;1;;;;
14/02/2015;06:54:00;204,4;BR-101/SC;Sul;Tombamento;1;0;1;;;
16/02/2015;12:25:00;676,001;BR-376/PR;Sul;Saida de Pista;1;1;;;;
16/02/2015;10:24:00;679,406;BR-376/PR;Sul;Tombamento;1;1;;;;
18/02/2015;17:34:00;106,1;BR-116/PR;Norte;Saida de Pista;1;1;;;;
19/02/2015;20:53:00;121,501;BR-101/SC;Norte;Tombamento;1;1;;;;
20/02/2015;11:46:00;101,95;BR-116/PR;Sul;Saida de Pista;1;1;;;;
20/02/2015;11:51:00;671,7;BR-376/PR;Sul;Saida de Pista;1;1;;;;
21/02/2015;00:15:00;92,34;BR-116/PR;Sul;Tombamento;1;1;;;;
21/02/2015;04:07:00;100,532;BR-116/PR;Sul;Saida de Pista;1;1;;;;
24/02/2015;01:11:00;241,584;BR-101/SC;Norte;Saida de Pista;1;1;;;;
24/02/2015;21:17:00;664,4;BR-376/PR;Sul;Saida de Pista;1;1;;;;
25/02/2015;00:14:00;83,308;BR-116/PR;Sul;Tombamento;1;1;;;;
25/02/2015;10:42:00;668,6;BR-376/PR;Sul;Tombamento;1;1;;1;;
26/02/2015;20:15:00;667,6;BR-376/PR;Sul;Tombamento;1;0;1;;;
27/02/2015;01:39:00;115,001;BR-116/PR;Norte;Saida de Pista;1;1;;;;
28/02/2015;00:30:00;80,6;BR-116/PR;Sul;Saida de Pista;1;1;;;;
01/03/2015;03:43:00;206,988;BR-101/SC;Norte;Tombamento;1;1;;;;
01/03/2015;13:25:00;671,7;BR-376/PR;Sul;Saida de Pista;1;1;;;;
02/03/2015;23:47:00;40,88;BR-101/SC;Norte;Tombamento;1;0;1;;;
03/03/2015;15:58:00;3,6;BR-101/SC;Sul;Saida de Pista;1;3;;;;
03/03/2015;04:08:00;109,5;BR-116/PR;Sul;Saida de Pista;1;1;;;;
03/03/2015;03:16:00;212,345;BR-101/SC;Norte;Saida de Pista;1;1;1;;;
04/03/2015;19:00:00;54,452;BR-101/SC;Sul;Saida de Pista;1;1;;;;
04/03/2015;04:54:00;81,6;BR-101/SC;Norte;Saida de Pista;1;1;;;;
04/03/2015;20:12:00;96,933;BR-116/PR;Sul;Saida de Pista;1;1;;;;
05/03/2015;06:23:00;125,2;BR-101/SC;Sul;Saida de Pista;1;1;;;;
06/03/2015;05:26:00;115,2;BR-116/PR;Sul;Tombamento;1;1;;;;
06/03/2015;03:51:00;142,07;BR-101/SC;Sul;Tombamento;1;2;;;;
06/03/2015;04:54:00;671,7;BR-376/PR;Sul;Saida de Pista;1;1;;;;
07/03/2015;10:03:00;138,5;BR-101/SC;Norte;Saida de Pista;1;2;;;;
08/03/2015;11:31:00;103,001;BR-116/PR;Sul;Saida de Pista;1;3;1;;;
08/03/2015;02:50:00;108,965;BR-116/PR;Sul;Saida de Pista;1;1;;;;
09/03/2015;19:15:00;126,1;BR-101/SC;Norte;Saida de Pista;1;1;;;;
09/03/2015;23:47:00;664,834;BR-376/PR;Norte;Saida de Pista;1;2;;;;
10/03/2015;12:13:00;184,128;BR-101/SC;Sul;Saida de Pista;1;1;;;;
11/03/2015;19:45:00;98,783;BR-116/PR;Sul;Saida de Pista;1;1;;;;
12/03/2015;11:52:00;667,001;BR-376/PR;Sul;Saida de Pista;1;1;;;;
12/03/2015;18:50:00;669,001;BR-376/PR;Sul;Saida de Pista;1;1;;;;
13/03/2015;11:14:00;15,016;BR-101/SC;Norte;Tombamento;1;1;;;;
16/03/2015;13:52:00;658,884;BR-376/PR;Norte;Saida de Pista;1;1;;;;
16/03/2015;07:07:00;660,001;BR-376/PR;Sul;Tombamento;1;0;;;1;
17/03/2015;08:09:00;57,8;BR-101/SC;Norte;Saida de Pista;1;1;;;;
18/03/2015;01:00:00;114,2;BR-116/PR;Sul;Saida de Pista;1;1;;;;
18/03/2015;20:08:00;235,2;BR-101/SC;Sul;Saida de Pista;1;2;;;;
18/03/2015;06:16:00;671,7;BR-376/PR;Sul;Saida de Pista;1;1;;;;
19/03/2015;13:08:00;112,01;BR-101/SC;Norte;Saida de Pista;1;2;;;;
19/03/2015;06:37:00;650,889;BR-376/PR;Sul;Saida de Pista;1;1;;;;
19/03/2015;22:28:00;671,7;BR-376/PR;Sul;Saida de Pista;1;1;;;;
20/03/2015;03:47:00;617,001;BR-376/PR;Sul;Saida de Pista;1;1;;;;