data;horario;km;trecho;sentido;tipo_de_acidente;caminhao;ilesos;levemente_feridos;moderadamente_feridos;gravemente_feridos;mortos
20/03/2015;15:09:00;667,352;BR-376/PR;Sul;Saida de Pista;1;0;;;;1
21/03/2015;17:37:00;142,972;BR-101/SC;Sul;Saida de Pista;1;1;;;;
24/03/2015;07:22:00;19,896;BR-101/SC;Sul;Saida de Pista;1;1;;;;
24/03/2015;18:57:00;120,251;BR-101/SC;Norte;Saida de Pista;1;1;1;;;
24/03/2015;00:29:00;658,5;BR-376/PR;Norte;Saida de Pista;1;1;;;;
25/03/2015;19:51:00;614,3;BR-376/PR;Norte;Saida de Pista;1;1;;;;
26/03/2015;13:56:00;666,937;BR-376/PR;Sul;Tombamento;1;1;;;;
27/03/2015;16:47:00;139,5;BR-101/SC;Sul;Saida de Pista;1;1;;;;
27/03/2015;19:01:00;158,001;BR-101/SC;Norte;Saida de Pista;1;2;;1;;
27/03/2015;17:49:00;211,2;BR-101/SC;Norte;Saida de Pista;1;1;;;;
27/03/2015;07:39:00;216,279;BR-101/SC;Norte;Saida de Pista;1;1;;;;
27/03/2015;15:19:00;637,3;BR-376/PR;Norte;Saida de Pista;1;1;;;;
27/03/2015;20:10:00;651,001;BR-376/PR;Norte;Saida de Pista;1;2;;;;
29/03/2015;18:52:00;37,001;BR-101/SC;Sul;Saida de Pista;1;1;;;;
29/03/2015;07:28:00;660,15;BR-376/PR;Sul;Capotamento;1;1;2;;;1
31/03/2015;09:29:00;37,642;BR-101/SC;Sul;Saida de Pista;1;0;1;;;
31/03/2015;09:29:00;105,174;BR-116/PR;Sul;Saida de Pista;1;1;;;;
01/04/2015;11:38:00;216,763;BR-101/SC;Sul;Capotamento;1;2;;;;
01/04/2015;12:45:00;666,001;BR-376/PR;Sul;Saida de Pista;1;1;;;;
02/04/2015;22:33:00;651,001;BR-376/PR;Norte;Saida de Pista;1;1;;;;
05/04/2015;05:44:00;666,861;BR-376/PR;Sul;Tombamento;1;1;;;;
08/04/2015;05:22:00;623,105;BR-376/PR;Norte;Tombamento;1;0;1;;;
09/04/2015;07:08:00;175,049;BR-101/SC;Norte;Saida de Pista;1;0;1;;;
09/04/2015;16:28:00;207,876;BR-101/SC;Sul;Saida de Pista;1;0;1;;;
10/04/2015;00:39:00;616,3;BR-376/PR;Norte;Saida de Pista;1;1;;;;
10/04/2015;20:42:00;669,7;BR-376/PR;Sul;Saida de Pista;1;1;;;;
11/04/2015;10:50:00;9,2;BR-101/SC;Norte;Saida de Pista;1;1;;;;
13/04/2015;19:43:00;658,001;BR-376/PR;Sul;Saida de Pista;1;1;;;;
13/04/2015;06:09:00;668,813;BR-376/PR;Sul;Tombamento;1;1;;;;
15/04/2015;14:12:00;180,291;BR-101/SC;Sul;Saida de Pista;1;1;;;;
15/04/2015;17:02:00;671,7;BR-376/PR;Sul;Saida de Pista;1;1;;;;
16/04/2015;20:24:00;85,5;BR-116/PR;Norte;Saida de Pista;1;1;;;;
17/04/2015;16:33:00;40,9;BR-101/SC;Norte;Saida de Pista;1;1;;;;
17/04/2015;11:03:00;665,499;BR-376/PR;Sul;Saida de Pista;1;1;;;;
18/04/2015;15:30:00;190,55;BR-101/SC;Norte;Saida de Pista;1;1;;;;
20/04/2015;17:02:00;160,449;BR-101/SC;Sul;Saida de Pista;1;1;;;;
23/04/2015;23:42:00;65,2;BR-101/SC;Sul;Saida de Pista;1;1;;;;
23/04/2015;15:27:00;106,1;BR-116/PR;Norte;Tombamento;1;1;;;;
26/04/2015;09:37:00;665,053;BR-376/PR;Sul;Tombamento;1;1;;;;
27/04/2015;23:07:00;665,001;BR-376/PR;Norte;Saida de Pista;1;1;;;;
28/04/2015;20:11:00;629,4;BR-376/PR;Norte;Tombamento;1;1;;;;
01/06/2015;06:23:00;95,099;BR-116/PR;Norte;Tombamento;2;2;;;;
02/06/2015;23:50:00;16,05;BR-101/SC;Norte;Saida de Pista;1;1;;;;
03/06/2015;20:47:00;111,001;BR-101/SC;Sul;Saida de Pista;1;1;;;;
03/06/2015;01:03:00;630,3;BR-376/PR;Norte;Saida de Pista;1;1;;;;
06/06/2015;02:26:00;129,5;BR-101/SC;Norte;Tombamento;1;1;;;;
06/06/2015;21:14:00;650,6;BR-376/PR;Sul;Tombamento;1;1;;;;
08/06/2015;03:45:00;56,307;BR-101/SC;Sul;Saida de Pista;1;1;;;;
09/06/2015;08:03:00;102,001;BR-101/SC;Sul;Tombamento;1;1;;;;
09/06/2015;10:38:00;112,699;BR-116/PR;Norte;Saida de Pista;1;1;;;;
09/06/2015;08:53:00;679,005;BR-376/PR;Sul;Saida de Pista;1;2;;;;1
10/06/2015;11:09:00;71,301;BR-116/PR;Sul;Tombamento;1;0;1;;;
12/06/2015;19:52:00;663,501;BR-376/PR;Sul;Saida de Pista;1;1;;;;
12/06/2015;16:14:00;668,001;BR-376/PR;Norte;Saida de Pista;1;1;;;;
14/06/2015;13:54:00;152,95;BR-101/SC;Norte;Saida de Pista;1;1;;;;
15/06/2015;20:38:00;72,001;BR-116/PR;Norte;Saida de Pista;1;1;;;;
15/06/2015;19:05:00;111,1;BR-101/SC;Norte;Tombamento;1;1;;;;
16/06/2015;15:53:00;671,7;BR-376/PR;Sul;Saida de Pista;1;1;;;;
17/06/2015;15:10:00;650,811;BR-376/PR;Norte;Tombamento;1;1;;;;
17/06/2015;01:37:00;671,7;BR-376/PR;Sul;Saida de Pista;1;1;;;;
18/06/2015;08:13:00;92,408;BR-116/PR;Sul;Saida de Pista;1;1;;;;
18/06/2015;10:52:00;633,4;BR-376/PR;Sul;Saida de Pista;1;1;;;;
18/06/2015;10:12:00;657,15;BR-376/PR;Sul;Saida de Pista;1;1;;;;
18/06/2015;17:13:00;668,3;BR-376/PR;Sul;Tombamento;1;0;;1;;
18/06/2015;05:01:00;671,7;BR-376/PR;Sul;Saida de Pista;1;1;;;;
19/06/2015;07:15:00;660,401;BR-376/PR;Sul;Saida de Pista;1;1;;;;
20/06/2015;22:31:00;655,001;BR-376/PR;Norte;Saida de Pista;1;1;;;;
21/06/2015;11:21:00;114,6;BR-116/PR;Norte;Tombamento;1;0;1;;;
22/06/2015;06:40:00;121,611;BR-101/SC;Norte;Saida de Pista;1;1;;;;
22/06/2015;16:41:00;194,6;BR-101/SC;Norte;Saida de Pista;1;1;;;;
22/06/2015;18:28:00;661,5;BR-376/PR;Sul;Saida de Pista;1;1;;;;
23/06/2015;10:36:00;106,668;BR-116/PR;Sul;Saida de Pista;1;1;;;;
23/06/2015;22:33:00;162,4;BR-101/SC;Sul;Saida de Pista;1;2;;;;
23/06/2015;10:12:00;671,7;BR-376/PR;Sul;Saida de Pista;1;2;;;;
24/06/2015;18:39:00;101,6;BR-116/PR;Sul;Saida de Pista;1;1;;;;
24/06/2015;09:20:00;227,604;BR-101/SC;Norte;Tombamento;1;1;;;;
25/06/2015;14:58:00;57,75;BR-101/SC;Sul;Tombamento;1;2;;;;
25/06/2015;10:07:00;70,68;BR-101/SC;Sul;Tombamento;1;1;;;;
26/06/2015;22:24:00;629,9;BR-376/PR;Norte;Tombamento;1;1;;;;
28/06/2015;13:33:00;668,555;BR-376/PR;Sul;Tombamento;1;1;;;;
29/06/2015;10:21:00;671,7;BR-376/PR;Sul;Saida de Pista;1;1;;;;
30/06/2015;11:41:00;668,1;BR-376/PR;Sul;Tombamento;1;0;;1;;
01/07/2015;10:05:00;94,707;BR-116/PR;Sul;Saida de Pista;1;2;;;;
01/07/2015;04:45:00;123,13;BR-101/SC;Norte;Tombamento;1;1;;;;
01/07/2015;13:37:00;676,01;BR-376/PR;Sul;Saida de Pista;2;2;;;;
02/07/2015;11:02:00;84,115;BR-116/PR;Sul;Saida de Pista;1;1;;;;
03/07/2015;00:43:00;673,001;BR-376/PR;Norte;Saida de Pista;1;2;;;;
05/07/2015;05:45:00;92,001;BR-116/PR;Norte;Saida de Pista;1;2;;;;
07/07/2015;20:11:00;617,2;BR-376/PR;Norte;Tombamento;1;1;;;;
08/07/2015;14:27:00;51,01;BR-101/SC;Norte;Saida de Pista;1;2;;;;
08/07/2015;14:15:00;97,9;BR-116/PR;Sul;Saida de Pista;1;1;;;;
08/07/2015;12:24:00;104,101;BR-116/PR;Norte;Saida de Pista;1;1;;;;
08/07/2015;09:50:00;114,201;BR-116/PR;Sul;Saida de Pista;1;1;;;;
08/07/2015;15:00:00;174,97;BR-101/SC;Norte;Tombamento;1;1;;;;
08/07/2015;10:54:00;617,089;BR-376/PR;Sul;Saida de Pista;1;3;;;;
10/07/2015;20:28:00;665,903;BR-376/PR;Sul;Tombamento;1;1;;;;
12/07/2015;17:15:00;104,1;BR-116/PR;Norte;Saida de Pista;1;1;;;;
12/07/2015;19:40:00;119,9;BR-101/SC;Sul;Saida de Pista;1;1;;;;
12/07/2015;01:07:00;671,7;BR-376/PR;Sul;Saida de Pista;1;1;;;;
13/07/2015;20:00:00;9,619;BR-101/SC;Sul;Saida de Pista;1;1;;;;
13/07/2015;10:04:00;667,7;BR-376/PR;Sul;Tombamento;1;0;;1;;
14/07/2015;07:30:00;671,7;BR-376/PR;Sul;Saida de Pista;1;1;;;;
15/07/2015;10:29:00;660,3;BR-376/PR;Sul;Tombamento;2;7;;;;
17/07/2015;13:49:00;218,001;BR-101/SC;Sul;Saida de Pista;1;1;;;;
17/07/2015;05:13:00;668,3;BR-376/PR;Sul;Tombamento;1;0;1;;;
18/07/2015;23:32:00;43,7;BR-101/SC;Sul;Saida de Pista;1;1;;;;
18/07/2015;20:54:00;100,396;BR-116/PR;Sul;Saida de Pista;1;1;;;;
19/07/2015;19:59:00;668,601;BR-376/PR;Sul;Tombamento;1;1;;;;
19/07/2015;18:00:00;673,131;BR-376/PR;Sul;Tombamento;1;0;2;;;
21/07/2015;17:14:00;102,2;BR-116/PR;Norte;Saida de Pista;1;1;;;;
21/07/2015;04:28:00;658,001;BR-376/PR;Norte;Saida de Pista;1;1;;;;
22/07/2015;14:15:00;103,001;BR-116/PR;Sul;Saida de Pista;1;1;1;;;
23/07/2015;19:33:00;141,804;BR-101/SC;Sul;Saida de Pista;1;2;;;;
24/07/2015;09:08:00;142,001;BR-101/SC;Sul;Saida de Pista;1;3;;;;
24/07/2015;17:44:00;618,563;BR-376/PR;Norte;Saida de Pista;1;2;;;;
24/07/2015;17:27:00;671,7;BR-376/PR;Sul;Saida de Pista;1;1;;;;
26/07/2015;03:04:00;627,001;BR-376/PR;Sul;Tombamento;1;2;;;;
27/07/2015;16:41:00;665,534;BR-376/PR;Sul;Tombamento;1;0;;;;1
27/07/2015;02:54:00;671,7;BR-376/PR;Sul;Saida de Pista;1;1;;;;
29/07/2015;09:36:00;175,04;BR-101/SC;Norte;Tombamento;1;1;;;;
30/07/2015;20:22:00;175,001;BR-101/SC;Norte;Tombamento;1;1;;;;
30/07/2015;09:27:00;671,7;BR-376/PR;Sul;Saida de Pista;1;1;;;;
03/08/2015;07:35:00;665,903;BR-376/PR;Sul;Tombamento;1;1;;;;
03/08/2015;19:08:00;673,052;BR-376/PR;Norte;Tombamento;2;2;;;;
04/08/2015;00:18:00;667,694;BR-376/PR;Sul;Tombamento;1;1;;;;
06/08/2015;15:43:00;85,902;BR-116/PR;Norte;Tombamento;1;0;1;;;
06/08/2015;18:05:00;107,339;BR-101/SC;Sul;Saida de Pista;1;1;;;;
06/08/2015;16:36:00;652,458;BR-376/PR;Norte;Tombamento;1;1;;;;
06/08/2015;10:58:00;666,301;BR-376/PR;Sul;Saida de Pista;1;1;;;;
07/08/2015;16:08:00;112,039;BR-101/SC;Sul;Tombamento;1;3;;;;
07/08/2015;09:03:00;114,501;BR-116/PR;Norte;Saida de Pista;1;1;;;;
07/08/2015;20:58:00;652,3;BR-376/PR;Sul;Saida de Pista;1;1;;;;
11/08/2015;21:08:00;671,7;BR-376/PR;Sul;Saida de Pista;1;1;;;;
14/08/2015;10:35:00;665,401;BR-376/PR;Sul;Saida de Pista;1;1;;;1;
15/08/2015;02:51:00;667,696;BR-376/PR;Norte;Saida de Pista;1;1;;;;
16/08/2015;13:20:00;240,202;BR-101/SC;Sul;Saida de Pista;1;2;;;;
19/08/2015;22:27:00;121,127;BR-101/SC;Sul;Capotamento;1;1;2;;;
19/08/2015;01:40:00;647,1;BR-376/PR;Norte;Saida de Pista;1;1;;;;
19/08/2015;05:38:00;668,35;BR-376/PR;Sul;Tombamento;1;1;;;;
19/08/2015;12:46:00;671,7;BR-376/PR;Sul;Saida de Pista;1;1;;;;
20/08/2015;17:06:00;673,801;BR-376/PR;Norte;Tombamento;1;1;;;;
21/08/2015;14:16:00;233,7;BR-101/SC;Sul;Saida de Pista;1;1;;;;
21/08/2015;12:28:00;666,702;BR-376/PR;Norte;Saida de Pista;1;1;;;;
23/08/2015;15:07:00;109,7;BR-116/PR;Norte;Saida de Pista;1;1;;;;
23/08/2015;05:58:00;668,6;BR-376/PR;Sul;Tombamento;1;1;;;;
25/08/2015;11:42:00;204,8;BR-101/SC;Sul;Saida de Pista;1;2;;;;
26/08/2015;16:38:00;134,076;BR-101/SC;Norte;Saida de Pista;1;1;;;;
26/08/2015;07:41:00;667,15;BR-376/PR;Norte;Saida de Pista;1;2;;;;
27/08/2015;05:45:00;221,213;BR-101/SC;Sul;Saida de Pista;1;2;;;;
27/08/2015;05:36:00;676,15;BR-376/PR;Sul;Saida de Pista;1;1;;;;
28/08/2015;05:59:00;90,2;BR-116/PR;Sul;Saida de Pista;1;1;;;;
30/08/2015;03:06:00;110,486;BR-101/SC;Sul;Tombamento;1;0;;1;;
30/08/2015;16:48:00;671,7;BR-376/PR;Sul;Saida de Pista;1;1;;;;
31/08/2015;18:32:00;32,188;BR-101/SC;Norte;Saida de Pista;1;1;;;;
31/08/2015;10:39:00;676,117;BR-376/PR;Sul;Tombamento;2;1;;;;1
01/09/2015;09:57:00;30,1;BR-101/SC;Norte;Saida de Pista;1;1;;;;
02/09/2015;01:16:00;75,9;BR-116/PR;Sul;Tombamento;1;1;;;;
02/09/2015;10:39:00;129,285;BR-101/SC;Norte;Saida de Pista;1;1;;;;
02/09/2015;09:52:00;671,7;BR-376/PR;Sul;Saida de Pista;1;1;;;;
03/09/2015;19:09:00;106,305;BR-116/PR;Sul;Saida de Pista;1;1;;;;
03/09/2015;13:54:00;116,001;BR-101/SC;Sul;Tombamento;1;1;;;;
04/09/2015;12:37:00;210,505;BR-101/SC;Sul;Tombamento;1;2;;;;
04/09/2015;16:45:00;652,398;BR-376/PR;Norte;Tombamento;1;1;;;;
05/09/2015;07:14:00;119,296;BR-101/SC;Sul;Saida de Pista;1;2;;;;
05/09/2015;16:07:00;182,001;BR-101/SC;Sul;Capotamento;1;2;2;;;
05/09/2015;22:16:00;664,001;BR-376/PR;Norte;Saida de Pista;1;1;;;;
05/09/2015;07:59:00;676,05;BR-376/PR;Sul;Saida de Pista;1;1;;;;
08/09/2015;10:50:00;41,583;BR-101/SC;Norte;Saida de Pista;1;1;;;;
08/09/2015;00:19:00;667,652;BR-376/PR;Sul;Tombamento;1;0;2;;;
09/09/2015;19:13:00;109,2;BR-116/PR;Sul;Saida de Pista;1;1;;;;
10/09/2015;23:39:00;120,001;BR-101/SC;Norte;Saida de Pista;1;1;;;;
10/09/2015;22:41:00;151,9;BR-101/SC;Norte;Saida de Pista;1;2;;;;
11/09/2015;03:22:00;119,501;BR-101/SC;Norte;Saida de Pista;1;1;;;;
12/09/2015;19:00:00;11,22;BR-101/SC;Norte;Saida de Pista;1;2;1;;;
12/09/2015;00:02:00;208,001;BR-101/SC;Norte;Capotamento;1;1;1;1;;
12/09/2015;22:30:00;671,7;BR-376/PR;Sul;Saida de Pista;1;1;;;;
14/09/2015;10:06:00;114,42;BR-116/PR;Norte;Saida de Pista;1;1;;;;
14/09/2015;18:00:00;119,943;BR-101/SC;Sul;Tombamento;1;1;;;;
16/09/2015;07:54:00;22,8;BR-101/SC;Norte;Tombamento;1;1;;;;
16/09/2015;10:50:00;32,2;BR-101/SC;Sul;Saida de Pista;1;1;;;;
16/09/2015;13:13:00;668,976;BR-376/PR;Sul;Tombamento;1;1;;;;
17/09/2015;20:21:00;641,001;BR-376/PR;Norte;Saida de Pista;1;1;;;;
17/09/2015;20:54:00;657,167;BR-376/PR;Sul;Saida de Pista;1;1;;;;
18/09/2015;10:14:00;679,354;BR-376/PR;Sul;Tombamento;1;0;;1;;
19/09/2015;19:58:00;663,844;BR-376/PR;Norte;Tombamento;1;1;;;;
19/09/2015;14:47:00;667,953;BR-376/PR;Sul;Tombamento;1;1;;;;
22/09/2015;07:44:00;668,662;BR-376/PR;Sul;Tombamento;1;1;;1;;
23/09/2015;15:06:00;46,7;BR-101/SC;Norte;Saida de Pista;1;1;;;;
23/09/2015;21:24:00;675,569;BR-376/PR;Sul;Saida de Pista;1;1;;;;
24/09/2015;08:17:00;108,5;BR-116/PR;Sul;Saida de Pista;1;1;;;;
24/09/2015;12:07:00;140,7;BR-101/SC;Sul;Tombamento;1;0;1;;;
24/09/2015;03:59:00;241,831;BR-101/SC;Sul;Saida de Pista;1;1;;;;
24/09/2015;21:16:00;635,6;BR-376/PR;Norte;Saida de Pista;1;1;;;;
24/09/2015;00:03:00;676,528;BR-376/PR;Norte;Tombamento;1;1;;;;
27/09/2015;10:23:00;673,258;BR-376/PR;Sul;Tombamento;1;0;1;;;
28/09/2015;05:14:00;671,7;BR-376/PR;Sul;Saida de Pista;1;1;;;;
30/09/2015;09:56:00;57,61;BR-101/SC;Norte;Tombamento;1;1;;;;
30/09/2015;14:28:00;664,05;BR-376/PR;Norte;Tombamento;1;1;;;;
01/10/2015;01:32:00;109,5;BR-116/PR;Sul;Saida de Pista;1;1;;;;
02/10/2015;07:34:00;664,48;BR-376/PR;Norte;Tombamento;1;0;1;1;;
05/10/2015;06:40:00;652,9;BR-376/PR;Sul;Tombamento;1;1;;;;
05/10/2015;21:27:00;618,054;BR-376/PR;Sul;Saida de Pista;1;1;;;;
05/10/2015;21:59:00;71,9;BR-101/SC;Sul;Saida de Pista;1;1;;;;
06/10/2015;06:14:00;114,001;BR-116/PR;Norte;Saida de Pista;1;1;;;;
06/10/2015;15:14:00;108,001;BR-116/PR;Sul;Saida de Pista;1;2;;;;
07/10/2015;19:52:00;11,001;BR-101/SC;Sul;Tombamento;1;1;;;;
08/10/2015;02:59:00;192,126;BR-101/SC;Norte;Tombamento;1;0;1;;;
08/10/2015;17:33:00;671,7;BR-376/PR;Sul;Saida de Pista;1;1;;;;
08/10/2015;20:04:00;3,935;BR-101/SC;Sul;Tombamento;1;1;;;;
09/10/2015;03:01:00;30,524;BR-101/SC;Norte;Tombamento;1;0;1;;;
09/10/2015;10:55:00;112,001;BR-101/SC;Norte;Tombamento;1;1;;;;
09/10/2015;14:57:00;72,2;BR-116/PR;Norte;Saida de Pista;1;1;;;;
10/10/2015;02:19:00;82,125;BR-116/PR;Sul;Saida de Pista;1;1;;;;
10/10/2015;10:55:00;636,1;BR-376/PR;Sul;Saida de Pista;1;2;;;;
10/10/2015;14:39:00;174,8;BR-101/SC;Norte;Saida de Pista;1;1;;;;
12/10/2015;21:56:00;10,272;BR-101/SC;Sul;Tombamento;1;1;;;;
13/10/2015;22:03:00;233,7;BR-101/SC;Norte;Tombamento;1;1;;;;
14/10/2015;16:00:00;674,674;BR-376/PR;Norte;Saida de Pista;1;2;1;1;;
15/10/2015;05:25:00;204,3;BR-101/SC;Norte;Saida de Pista;1;1;;;;
15/10/2015;08:01:00;636,982;BR-376/PR;Norte;Tombamento;1;1;1;;;
15/10/2015;14:50:00;108,001;BR-101/SC;Sul;Saida de Pista;1;0;2;;;
15/10/2015;18:13:00;74,111;BR-101/SC;Norte;Saida de Pista;1;1;;;;
16/10/2015;21:18:00;119,001;BR-101/SC;Norte;Saida de Pista;1;1;;;;
19/10/2015;08:08:00;667,899;BR-376/PR;Sul;Tombamento;1;0;1;;;
19/10/2015;10:32:00;109,918;BR-116/PR;Sul;Tombamento;1;1;;;;1
20/10/2015;07:41:00;54,11;BR-101/SC;Sul;Saida de Pista;1;1;;;;
20/10/2015;13:19:00;170,232;BR-101/SC;Norte;Capotamento;1;1;1;;;
21/10/2015;06:36:00;206,9;BR-101/SC;Sul;Tombamento;1;1;;;;
21/10/2015;11:37:00;138,7;BR-101/SC;Sul;Saida de Pista;1;1;;;;
21/10/2015;12:32:00;140,6;BR-101/SC;Sul;Tombamento;1;1;;;;
21/10/2015;14:52:00;121,001;BR-101/SC;Norte;Saida de Pista;1;1;;;;
21/10/2015;21:11:00;628,9;BR-376/PR;Sul;Tombamento;1;1;1;;;
22/10/2015;05:29:00;663,906;BR-376/PR;Sul;Saida de Pista;1;1;;;;
22/10/2015;09:26:00;221,05;BR-101/SC;Norte;Tombamento;1;1;;;;
22/10/2015;12:20:00;112,204;BR-116/PR;Norte;Tombamento;1;1;;;;
22/10/2015;15:16:00;109,8;BR-116/PR;Sul;Saida de Pista;1;1;;;;
22/10/2015;15:50:00;106,594;BR-116/PR;Sul;Tombamento;1;1;;;;
22/10/2015;19:12:00;663,08;BR-376/PR;Sul;Tombamento;1;1;;;;
23/10/2015;16:40:00;224,801;BR-101/SC;Sul;Saida de Pista;1;1;;;;
24/10/2015;06:05:00;4,5;BR-101/SC;Sul;Saida de Pista;1;1;;;;
24/10/2015;22:01:00;14,39;BR-101/SC;Norte;Saida de Pista;1;1;;;;
26/10/2015;10:52:00;671,7;BR-376/PR;Sul;Saida de Pista;1;0;;;;2
27/10/2015;11:01:00;51,62;BR-101/SC;Sul;Tombamento;1;1;;;;
28/10/2015;05:08:00;84,1;BR-116/PR;Sul;Tombamento;1;1;;;;
28/10/2015;11:58:00;181,492;BR-101/SC;Sul;Tombamento;1;1;1;;;
28/10/2015;13:05:00;673,723;BR-376/PR;Norte;Tombamento;1;1;;;;
29/10/2015;09:22:00;668,65;BR-376/PR;Sul;Tombamento;1;1;;;;
29/10/2015;11:22:00;53,1;BR-101/SC;Norte;Saida de Pista;1;2;;;;
31/10/2015;08:39:00;108,271;BR-101/SC;Sul;Saida de Pista;1;1;;;;
01/11/2015;14:11:00;111,111;BR-101/SC;Norte;Saida de Pista;1;1;;;;
01/11/2015;18:14:00;52,5;BR-101/SC;Sul;Saida de Pista;1;1;;;;
04/11/2015;06:49:00;128,5;BR-101/SC;Norte;Saida de Pista;1;1;;;;
04/11/2015;08:02:00;629,657;BR-376/PR;Norte;Tombamento;1;0;;1;;
04/11/2015;15:38:00;114,6;BR-101/SC;Sul;Saida de Pista;1;1;;;;
05/11/2015;07:57:00;44,528;BR-101/SC;Norte;Tombamento;1;1;;;;
05/11/2015;15:15:00;50,2;BR-101/SC;Sul;Saida de Pista;1;1;;;;
05/11/2015;22:01:00;107,9;BR-116/PR;Norte;Tombamento;1;1;;;;
06/11/2015;20:48:00;90,812;BR-116/PR;Sul;Capotamento;1;2;;;;
09/11/2015;13:38:00;673,289;BR-376/PR;Sul;Saida de Pista;1;1;;;;
11/11/2015;00:37:00;159,423;BR-101/SC;Sul;Saida de Pista;1;1;;;;
11/11/2015;20:55:00;617,9;BR-376/PR;Sul;Capotamento;1;3;;;;
12/11/2015;11:43:00;102,2;BR-116/PR;Sul;Tombamento;1;0;;1;;
14/11/2015;18:17:00;643,001;BR-376/PR;Sul;Saida de Pista;1;1;;;;
16/11/2015;10:45:00;671,001;BR-376/PR;Sul;Tombamento;2;1;;1;;
16/11/2015;11:00:00;110,001;BR-116/PR;Sul;Saida de Pista;1;1;;;;
16/11/2015;11:32:00;3,773;BR-101/SC;Norte;Saida de Pista;1;1;;;;
16/11/2015;11:37:00;667,808;BR-376/PR;Sul;Tombamento;1;1;2;;;
16/11/2015;14:26:00;652,3;BR-376/PR;Sul;Tombamento;1;1;;;;
17/11/2015;05:41:00;74,75;BR-116/PR;Sul;Tombamento;1;1;;;;
18/11/2015;18:16:00;106,779;BR-116/PR;Sul;Saida de Pista;1;1;;;;
19/11/2015;05:59:00;671,71;BR-376/PR;Sul;Saida de Pista;1;1;;;;
19/11/2015;19:27:00;155,037;BR-101/SC;Norte;Saida de Pista;1;1;;;;
22/11/2015;15:43:00;665,8;BR-376/PR;Sul;Saida de Pista;1;2;;;;
23/11/2015;13:14:00;665,3;BR-376/PR;Sul;Saida de Pista;1;2;;;;
24/11/2015;03:24:00;93,572;BR-101/SC;Sul;Tombamento;1;2;;;;
24/11/2015;04:10:00;9,602;BR-101/SC;Sul;Saida de Pista;1;1;;;;
24/11/2015;08:08:00;614,538;BR-376/PR;Norte;Tombamento;1;1;;;;
24/11/2015;19:44:00;665,792;BR-376/PR;Sul;Tombamento;1;1;;;;
24/11/2015;22:32:00;103,001;BR-116/PR;Norte;Tombamento;1;0;;1;;
24/11/2015;22:52:00;103,248;BR-116/PR;Norte;Tombamento;1;1;;;;
24/11/2015;23:35:00;660,053;BR-376/PR;Sul;Saida de Pista;1;1;;;;
25/11/2015;11:50:00;101,001;BR-101/SC;Norte;Saida de Pista;1;1;;;;
27/11/2015;03:21:00;170,165;BR-101/SC;Sul;Tombamento;1;2;;;;
28/11/2015;00:22:00;670,6;BR-376/PR;Norte;Saida de Pista;1;1;;;;
28/11/2015;11:38:00;666,1;BR-376/PR;Sul;Tombamento;1;1;;;;
29/11/2015;09:53:00;654,3;BR-376/PR;Norte;Saida de Pista;1;1;;;;
30/11/2015;12:51:00;11,001;BR-101/SC;Sul;Saida de Pista;1;1;;;;
30/11/2015;14:12:00;108,001;BR-116/PR;Sul;Saida de Pista;1;1;;;;
30/11/2015;14:28:00;106,5;BR-116/PR;Sul;Saida de Pista;1;1;;;;
30/11/2015;15:07:00;110,001;BR-116/PR;Sul;Tombamento;1;1;;;;
02/12/2015;16:06:00;144,001;BR-101/SC;Norte;Tombamento;1;1;;;;
03/12/2015;00:30:00;614,75;BR-376/PR;Norte;Saida de Pista;1;1;;;;
04/12/2015;06:49:00;666,2;BR-376/PR;Sul;Saida de Pista;1;1;;;;
05/12/2015;01:25:00;129,7;BR-101/SC;Sul;Saida de Pista;1;1;;;;
07/12/2015;12:19:00;102,001;BR-101/SC;Norte;Saida de Pista;2;2;;;;
08/12/2015;01:40:00;240,4;BR-101/SC;Sul;Saida de Pista;1;1;;;;
08/12/2015;05:51:00;88,001;BR-101/SC;Sul;Saida de Pista;1;1;;;;
08/12/2015;17:55:00;175,001;BR-101/SC;Norte;Tombamento;1;0;;1;;
10/12/2015;04:50:00;133,5;BR-101/SC;Sul;Saida de Pista;1;1;;;;
10/12/2015;06:39:00;668,15;BR-376/PR;Sul;Tombamento;1;0;;1;;
10/12/2015;08:05:00;658,001;BR-376/PR;Sul;Saida de Pista;1;1;;;;
10/12/2015;08:33:00;660,001;BR-376/PR;Sul;Saida de Pista;1;1;;;;
11/12/2015;07:41:00;667,001;BR-376/PR;Sul;Tombamento;1;1;;;;
11/12/2015;11:53:00;671,7;BR-376/PR;Sul;Saida de Pista;1;1;;;;
13/12/2015;23:21:00;670,001;BR-376/PR;Sul;Saida de Pista;1;1;;;;
15/12/2015;19:21:00;668,9;BR-376/PR;Sul;Tombamento;1;1;;;;
15/12/2015;19:10:00;11,5;BR-101/SC;Norte;Tombamento;1;1;;;;
16/12/2015;02:30:00;669,001;BR-376/PR;Sul;Tombamento;2;2;;;;
16/12/2015;02:30:00;671,7;BR-376/PR;Sul;Saida de Pista;1;1;;;;