data;horario;km;trecho;sentido;tipo_de_acidente;caminhao;ilesos;levemente_feridos;moderadamente_feridos;gravemente_feridos;mortos
18/12/2015;22:53:00;228,15;BR-101/SC;Norte;Saida de Pista;1;1;1;;;
19/12/2015;18:16:00;77,5;BR-116/PR;Norte;Saida de Pista;1;1;;;;
19/12/2015;20:07:00;615,001;BR-376/PR;Norte;Tombamento;1;1;;;;
21/12/2015;10:02:00;45,5;BR-101/SC;Norte;Saida de Pista;1;1;;;;
21/12/2015;12:34:00;68,5;BR-101/SC;Norte;Saida de Pista;1;2;;;;
21/12/2015;18:35:00;163,001;BR-101/SC;Norte;Saida de Pista;1;1;;;;
22/12/2015;19:02:00;50,001;BR-101/SC;Sul;Saida de Pista;1;1;1;;;
22/12/2015;19:00:00;127,001;BR-101/SC;Sul;Saida de Pista;1;1;;;;
24/12/2015;04:39:00;73,5;BR-116/PR;Sul;Tombamento;1;1;;;;
25/12/2015;21:07:00;155,8;BR-101/SC;Sul;Saida de Pista;1;1;;;;
28/12/2015;13:36:00;104,011;BR-116/PR;Sul;Saida de Pista;1;1;;;;
28/12/2015;14:16:00;18,05;BR-101/SC;Norte;Saida de Pista;1;1;;;;
29/12/2015;00:29:00;79,001;BR-116/PR;Sul;Saida de Pista;1;1;;;;
29/12/2015;08:18:00;119,2;BR-101/SC;Sul;Saida de Pista;1;2;;;;
29/12/2015;12:15:00;137,365;BR-101/SC;Norte;Saida de Pista;1;1;;;;
29/12/2015;14:29:00;103,001;BR-116/PR;Sul;Saida de Pista;1;1;;;;
29/12/2015;14:56:00;628,001;BR-376/PR;Norte;Saida de Pista;1;1;;;;
29/12/2015;15:24:00;664,5;BR-376/PR;Norte;Saida de Pista;1;1;;;;
30/12/2015;08:53:00;112,4;BR-101/SC;Norte;Saida de Pista;1;1;;;;
04/05/2015;00:39:00;115,3;BR-101/SC;Norte;Saida de Pista;1;1;;;;
05/05/2015;01:15:00;668,9;BR-376/PR;Sul;Tombamento;1;1;;;;
08/05/2015;19:02:00;2,5;BR-101/SC;Sul;Tombamento;1;1;;;;
10/05/2015;08:52:00;106,301;BR-116/PR;Sul;Saida de Pista;1;1;;;;
11/05/2015;19:56:00;125,001;BR-101/SC;Sul;Saida de Pista;1;1;;;;
12/05/2015;08:42:00;91,01;BR-116/PR;Norte;Saida de Pista;1;1;;;;
12/05/2015;10:07:00;235,32;BR-101/SC;Norte;Saida de Pista;1;2;;;;
12/05/2015;18:30:00;671,7;BR-376/PR;Sul;Saida de Pista;1;1;;;;
13/05/2015;17:51:00;93,1;BR-116/PR;Norte;Tombamento;1;2;;;;
14/05/2015;04:38:00;655,1;BR-376/PR;Norte;Saida de Pista;1;1;;;;
14/05/2015;05:56:00;9,841;BR-101/SC;Sul;Saida de Pista;1;1;;;;
14/05/2015;07:38:00;660,001;BR-376/PR;Norte;Tombamento;1;1;;;;
14/05/2015;08:10:00;673,801;BR-376/PR;Sul;Saida de Pista;1;0;1;;;
14/05/2015;10:52:00;655,05;BR-376/PR;Norte;Saida de Pista;1;1;;;;
14/05/2015;16:26:00;674,001;BR-376/PR;Sul;Saida de Pista;1;1;;;;
15/05/2015;09:27:00;234,97;BR-101/SC;Norte;Tombamento;1;1;;;;
15/05/2015;15:20:00;48,828;BR-101/SC;Norte;Tombamento;1;1;1;;;
18/05/2015;17:25:00;666,1;BR-376/PR;Sul;Tombamento;1;1;;;;
19/05/2015;00:57:00;161,7;BR-101/SC;Sul;Tombamento;1;1;;;;
19/05/2015;15:32:00;165,68;BR-101/SC;Sul;Saida de Pista;1;1;;;;
19/05/2015;21:47:00;169,167;BR-101/SC;Sul;Saida de Pista;1;0;1;1;;
22/05/2015;10:34:00;672,98;BR-376/PR;Sul;Saida de Pista;1;1;;;;
24/05/2015;03:53:00;192,1;BR-101/SC;Norte;Tombamento;1;1;;;;
24/05/2015;20:19:00;66,001;BR-101/SC;Sul;Saida de Pista;1;1;;;;
25/05/2015;08:01:00;111,807;BR-116/PR;Norte;Saida de Pista;1;0;1;;;
25/05/2015;11:01:00;106,701;BR-116/PR;Sul;Saida de Pista;1;1;;;;
25/05/2015;16:54:00;53,012;BR-101/SC;Norte;Saida de Pista;1;1;;;;
25/05/2015;19:45:00;68,588;BR-101/SC;Norte;Saida de Pista;1;1;;;;
26/05/2015;11:03:00;97,177;BR-101/SC;Sul;Saida de Pista;1;0;1;1;;
26/05/2015;15:47:00;21,91;BR-101/SC;Norte;Saida de Pista;1;1;;;;
26/05/2015;18:57:00;96,8;BR-116/PR;Sul;Saida de Pista;1;1;;;;
26/05/2015;21:04:00;657,001;BR-376/PR;Sul;Tombamento;1;1;;;;
26/05/2015;21:26:00;119,8;BR-101/SC;Norte;Saida de Pista;1;1;;;;
26/05/2015;22:29:00;76,001;BR-101/SC;Sul;Saida de Pista;1;1;;;;
27/05/2015;06:05:00;172,85;BR-101/SC;Sul;Saida de Pista;1;1;;;;
27/05/2015;17:31:00;155,04;BR-101/SC;Norte;Saida de Pista;1;1;;;;
28/05/2015;08:50:00;671,7;BR-376/PR;Sul;Saida de Pista;1;1;;;;
29/05/2015;17:38:00;219,001;BR-101/SC;Sul;Saida de Pista;1;1;;;;
29/05/2015;22:18:00;661,001;BR-376/PR;Norte;Saida de Pista;1;0;1;;;
30/05/2015;07:16:00;192,7;BR-101/SC;Norte;Saida de Pista;1;1;;;;
30/05/2015;17:42:00;114,801;BR-116/PR;Norte;Tombamento;1;1;;;;
31/05/2015;23:18:00;671,7;BR-376/PR;Sul;Saida de Pista;1;1;;;;
01/07/2010;00:36:00;138,6;BR-101/SC;Sul;Tombamento;1;0;3;;;
01/07/2010;04:53:00;668,4;BR-376/PR;Sul;Tombamento;1;0;1;;;
01/07/2010;07:35:00;666;BR-376/PR;Sul;Tombamento;1;1;;;;
01/07/2010;14:32:00;666,3;BR-376/PR;Sul;Saida de Pista;1;1;;;;
01/07/2010;15:58:00;656,5;BR-376/PR;Norte;Tombamento;1;1;1;;;
02/07/2010;15:39:00;615,176;BR-376/PR;Norte;Tombamento;1;0;;1;;
02/07/2010;21:11:00;99,85;BR-101/SC;Norte;Tombamento;1;1;;;;
05/07/2010;13:49:00;93,7;BR-116/PR;Sul;Capotamento;2;2;1;;;
07/07/2010;04:09:00;57,533;BR-101/SC;Norte;Tombamento;1;1;;;;
07/07/2010;05:01:00;202,5;BR-101/SC;Sul;Tombamento;1;0;1;;;
11/07/2010;00:27:00;108,106;BR-101/SC;Norte;Tombamento;1;0;1;;;
13/07/2010;07:05:00;659,4;BR-376/PR;Norte;Tombamento;1;0;1;;;
13/07/2010;07:15:00;97,89;BR-116/PR;Sul;Saida de Pista;1;1;;;;
15/07/2010;12:40:00;131,7;BR-101/SC;Norte;Capotamento;1;4;;;;
15/07/2010;17:38:00;667,5;BR-376/PR;Sul;Tombamento;1;1;;;;
15/07/2010;18:53:00;108,8;BR-116/PR;Norte;Saida de Pista;1;1;;;;
15/07/2010;19:09:00;108,8;BR-116/PR;Norte;Saida de Pista;1;1;;;;
15/07/2010;19:55:00;110;BR-116/PR;Norte;Saida de Pista;1;1;;;;
16/07/2010;10:57:00;107;BR-116/PR;Sul;Saida de Pista;1;1;;;;
16/07/2010;11:06:00;77;BR-101/SC;Sul;Saida de Pista;1;0;1;;;
16/07/2010;21:08:00;97,5;BR-116/PR;Sul;Tombamento;1;1;;;;
17/07/2010;00:34:00;92,5;BR-116/PR;Sul;Tombamento;1;1;;;;
18/07/2010;16:14:00;208,219;BR-101/SC;Sul;Tombamento;1;1;;;;
20/07/2010;07:21:00;185,1;BR-101/SC;Sul;Saida de Pista;1;2;;;;
20/07/2010;11:10:00;671,58;BR-376/PR;Norte;Tombamento;1;1;;;;
20/07/2010;19:01:00;97,1;BR-116/PR;Sul;Saida de Pista;1;1;;;;
21/07/2010;11:56:00;664,8;BR-376/PR;Sul;Saida de Pista;1;1;;;;
22/07/2010;02:56:00;103,7;BR-101/SC;Norte;Saida de Pista;1;1;;;;
22/07/2010;04:44:00;11,56;BR-101/SC;Norte;Saida de Pista;1;1;;;;
23/07/2010;11:20:00;112,448;BR-101/SC;Norte;Tombamento;1;1;;;;
23/07/2010;20:33:00;639,5;BR-376/PR;Norte;Saida de Pista;1;1;;;;
23/07/2010;20:47:00;647,316;BR-376/PR;Norte;Tombamento;1;1;;;;
23/07/2010;21:41:00;675,8;BR-376/PR;Sul;Saida de Pista;1;2;;;;
25/07/2010;05:56:00;617,933;BR-376/PR;Sul;Capotamento;1;2;;;;
26/07/2010;13:35:00;669,5;BR-376/PR;Sul;Saida de Pista;1;1;;;;
26/07/2010;19:46:00;103,5;BR-116/PR;Norte;Saida de Pista;1;1;;;;
27/07/2010;10:00:00;99,7;BR-116/PR;Sul;Saida de Pista;1;1;;;;
29/07/2010;03:43:00;648,5;BR-376/PR;Norte;Tombamento;1;2;;;;
29/07/2010;20:14:00;139,5;BR-101/SC;Norte;Saida de Pista;1;2;1;;;
29/07/2010;23:03:00;668,52;BR-376/PR;Sul;Tombamento;1;0;;1;;
31/07/2010;03:16:00;127,1;BR-101/SC;Norte;Capotamento;1;5;;;;
31/07/2010;16:13:00;667,9;BR-376/PR;Sul;Saida de Pista;1;1;;;;
01/08/2010;01:22:00;111,3;BR-101/SC;Norte;Tombamento;1;1;;;;
01/08/2010;22:28:00;97,098;BR-116/PR;Sul;Saida de Pista;1;1;;;;
01/08/2010;23:36:00;93,1;BR-116/PR;Norte;Saida de Pista;1;1;;;;
02/08/2010;00:43:00;655,2;BR-376/PR;Norte;Saida de Pista;1;1;;;;
02/08/2010;09:17:00;199,53;BR-101/SC;Norte;Saida de Pista;1;2;;;;
03/08/2010;06:48:00;114,5;BR-101/SC;Norte;Tombamento;1;2;;;;
03/08/2010;14:44:00;144,32;BR-101/SC;Sul;Saida de Pista;1;2;;;;
04/08/2010;05:22:00;668,52;BR-376/PR;Sul;Tombamento;1;0;1;;;
04/08/2010;05:50:00;100,5;BR-101/SC;Norte;Tombamento;1;0;1;;;
04/08/2010;09:40:00;108,27;BR-101/SC;Sul;Saida de Pista;1;1;;;;
04/08/2010;09:50:00;623,25;BR-376/PR;Sul;Capotamento;1;2;;;;
04/08/2010;10:04:00;623,753;BR-376/PR;Sul;Tombamento;1;1;;;;
04/08/2010;10:19:00;665,285;BR-376/PR;Sul;Saida de Pista;2;2;;;;
04/08/2010;17:04:00;166,5;BR-101/SC;Norte;Saida de Pista;1;1;;;;
05/08/2010;02:17:00;40,5;BR-101/SC;Sul;Saida de Pista;1;1;;;;
05/08/2010;05:46:00;98;BR-116/PR;Norte;Saida de Pista;1;1;;;;
05/08/2010;11:35:00;156,9;BR-101/SC;Norte;Tombamento;1;1;;;;
05/08/2010;17:01:00;670,8;BR-376/PR;Norte;Tombamento;1;1;;;;
06/08/2010;16:03:00;109,6;BR-116/PR;Sul;Saida de Pista;1;1;;;;
06/08/2010;18:09:00;104,5;BR-116/PR;Sul;Saida de Pista;1;1;;;;
07/08/2010;10:55:00;668;BR-376/PR;Sul;Tombamento;1;0;2;;;
08/08/2010;14:35:00;139,5;BR-101/SC;Sul;Saida de Pista;1;1;;;;
09/08/2010;17:14:00;668;BR-376/PR;Sul;Saida de Pista;1;2;;;;
10/08/2010;06:32:00;52,1;BR-101/SC;Sul;Capotamento;1;1;;;;
10/08/2010;15:38:00;186;BR-101/SC;Norte;Tombamento;1;1;;;;
10/08/2010;17:05:00;33;BR-101/SC;Norte;Saida de Pista;1;1;;;;
10/08/2010;19:56:00;671;BR-376/PR;Norte;Tombamento;1;1;;;;
10/08/2010;21:30:00;101,8;BR-116/PR;Norte;Saida de Pista;1;1;;;;
11/08/2010;14:22:00;141,8;BR-101/SC;Sul;Tombamento;1;1;;;;
13/08/2010;01:23:00;92,8;BR-116/PR;Norte;Saida de Pista;1;1;;;;
13/08/2010;08:12:00;82;BR-101/SC;Norte;Tombamento;1;0;1;;;
13/08/2010;10:12:00;30;BR-101/SC;Sul;Tombamento;2;2;;;;
13/08/2010;10:38:00;678,4;BR-376/PR;Norte;Capotamento;1;1;1;;;
14/08/2010;00:44:00;141,5;BR-101/SC;Sul;Saida de Pista;1;2;;;;
15/08/2010;00:54:00;91;BR-116/PR;Norte;Tombamento;1;1;;;;
16/08/2010;05:47:00;619,2;BR-376/PR;Sul;Tombamento;1;1;2;;;
19/08/2010;03:33:00;668,8;BR-376/PR;Sul;Tombamento;1;1;;;;
19/08/2010;03:45:00;192;BR-101/SC;Norte;Tombamento;1;1;;;;
20/08/2010;04:23:00;668;BR-376/PR;Sul;Tombamento;1;1;;;;
20/08/2010;15:32:00;113;BR-116/PR;Sul;Tombamento;1;1;;;;
21/08/2010;15:22:00;675;BR-376/PR;Sul;Saida de Pista;1;1;;;;
21/08/2010;16:22:00;140,2;BR-101/SC;Sul;Capotamento;1;2;;;;
22/08/2010;10:27:00;668,5;BR-376/PR;Sul;Tombamento;1;0;;2;;1
24/08/2010;16:03:00;106;BR-116/PR;Sul;Tombamento;2;2;;;;
24/08/2010;16:31:00;620;BR-376/PR;Norte;Saida de Pista;1;1;;;;
25/08/2010;10:11:00;673;BR-376/PR;Sul;Tombamento;1;0;;1;;
26/08/2010;16:11:00;617;BR-376/PR;Norte;Saida de Pista;1;1;;;;
27/08/2010;08:53:00;71,8;BR-101/SC;Sul;Tombamento;1;1;;;;
30/08/2010;07:26:00;43;BR-101/SC;Sul;Saida de Pista;1;0;1;1;;
30/08/2010;11:15:00;666,2;BR-376/PR;Sul;Saida de Pista;1;1;;;;
31/08/2010;09:50:00;100;BR-116/PR;Sul;Saida de Pista;1;1;;;;
31/08/2010;14:25:00;656;BR-376/PR;Sul;Tombamento;1;0;1;;;
01/10/2012;03:03:00;671,7;BR-376/PR;Sul;Saida de Pista;1;1;;;;
01/10/2012;15:16:00;668,155;BR-376/PR;Sul;Tombamento;1;1;;;;
02/10/2012;00:30:00;57;BR-101/SC;Norte;Tombamento;1;1;;;;
02/10/2012;21:13:00;648,368;BR-376/PR;Norte;Saida de Pista;1;1;;;;
02/10/2012;21:13:00;112,224;BR-101/SC;Norte;Saida de Pista;1;1;;;;
05/10/2012;08:09:00;632;BR-376/PR;Sul;Saida de Pista;2;2;;;;
06/10/2012;15:40:00;668,4;BR-376/PR;Sul;Tombamento;1;0;1;;;
07/10/2012;11:40:00;187,9;BR-101/SC;Sul;Tombamento;1;1;;;;
08/10/2012;09:28:00;668,1;BR-376/PR;Sul;Tombamento;1;1;;;;
09/10/2012;00:47:00;207,105;BR-101/SC;Norte;Tombamento;1;1;;;;
09/10/2012;03:11:00;117,747;BR-101/SC;Norte;Saida de Pista;1;1;;;;
09/10/2012;22:03:00;73,428;BR-116/PR;Norte;Saida de Pista;1;1;;;;
10/10/2012;06:38:00;650,834;BR-376/PR;Sul;Tombamento;1;1;;;;
10/10/2012;14:27:00;32,21;BR-101/SC;Sul;Saida de Pista;1;1;;;;
10/10/2012;23:41:00;73,016;BR-116/PR;Sul;Saida de Pista;1;1;;;;
11/10/2012;08:23:00;107,9;BR-116/PR;Sul;Saida de Pista;1;1;;;;
11/10/2012;10:21:00;118,65;BR-101/SC;Sul;Capotamento;1;2;;;;
12/10/2012;01:55:00;99,469;BR-116/PR;Norte;Saida de Pista;1;1;;;;
12/10/2012;04:00:00;628,044;BR-376/PR;Norte;Saida de Pista;1;1;;;;
12/10/2012;17:01:00;219,7;BR-101/SC;Sul;Saida de Pista;1;1;;;;
13/10/2012;10:10:00;6,125;BR-101/SC;Sul;Tombamento;1;1;;;;
13/10/2012;11:20:00;669,21;BR-376/PR;Sul;Saida de Pista;1;1;;;;
13/10/2012;19:18:00;73,36;BR-116/PR;Norte;Tombamento;1;1;;;;
16/10/2012;12:51:00;672,729;BR-376/PR;Sul;Tombamento;1;1;;;;
16/10/2012;23:18:00;672,047;BR-376/PR;Sul;Saida de Pista;2;4;;;;
17/10/2012;05:05:00;105,587;BR-101/SC;Norte;Tombamento;1;1;;;;
18/10/2012;00:00:00;109,001;BR-101/SC;Sul;Tombamento;1;2;;;;
18/10/2012;11:30:00;671,7;BR-376/PR;Sul;Saida de Pista;1;1;;;;
19/10/2012;22:22:00;167,9;BR-101/SC;Norte;Saida de Pista;1;2;;;;
21/10/2012;23:46:00;86,835;BR-101/SC;Sul;Tombamento;1;2;1;;;
22/10/2012;16:07:00;235;BR-101/SC;Sul;Tombamento;1;0;1;;;
22/10/2012;22:40:00;650,6;BR-376/PR;Sul;Saida de Pista;1;1;;;;
23/10/2012;10:48:00;48;BR-101/SC;Sul;Saida de Pista;1;1;;;;
23/10/2012;19:13:00;190;BR-101/SC;Norte;Capotamento;1;0;2;;;
24/10/2012;03:29:00;668,775;BR-376/PR;Sul;Tombamento;1;1;;;;
25/10/2012;00:33:00;72,401;BR-116/PR;Norte;Saida de Pista;1;1;;;;
26/10/2012;01:05:00;113,1;BR-101/SC;Sul;Saida de Pista;1;1;;;;
26/10/2012;12:07:00;67,37;BR-101/SC;Sul;Tombamento;1;1;;;;
26/10/2012;17:25:00;109;BR-116/PR;Norte;Saida de Pista;1;0;1;1;;
26/10/2012;19:08:00;656,197;BR-376/PR;Norte;Saida de Pista;1;1;;;;
27/10/2012;07:31:00;233,8;BR-101/SC;Sul;Tombamento;2;1;1;;;
27/10/2012;12:49:00;668,5;BR-376/PR;Sul;Tombamento;1;0;1;1;1;
27/10/2012;21:05:00;665,545;BR-376/PR;Sul;Saida de Pista;1;2;;;;
30/10/2012;14:13:00;103,174;BR-116/PR;Sul;Saida de Pista;1;1;;;;
31/10/2012;01:53:00;671,7;BR-376/PR;Sul;Saida de Pista;1;2;;;;
31/10/2012;20:17:00;648,457;BR-376/PR;Sul;Saida de Pista;1;0;;1;;
01/08/2014;19:29:00;9,572;BR-101/SC;Sul;Saida de Pista;1;1;;;;
03/08/2014;00:21:00;673,817;BR-376/PR;Norte;Saida de Pista;1;1;;;;
04/08/2014;10:04:00;214,98;BR-101/SC;Norte;Tombamento;1;1;;;;
04/08/2014;10:41:00;210,707;BR-101/SC;Norte;Tombamento;1;1;;;;
04/08/2014;18:28:00;665,323;BR-376/PR;Sul;Saida de Pista;1;1;;;;
04/08/2014;23:24:00;641,606;BR-376/PR;Sul;Saida de Pista;1;1;;;;
05/08/2014;05:51:00;120,147;BR-101/SC;Norte;Tombamento;1;1;;;;
05/08/2014;15:12:00;674,737;BR-376/PR;Sul;Tombamento;1;0;;;1;1
05/08/2014;18:29:00;673,481;BR-376/PR;Sul;Saida de Pista;1;1;;;;
09/08/2014;10:24:00;73,8;BR-116/PR;Norte;Saida de Pista;1;1;;;;
11/08/2014;19:41:00;676,649;BR-376/PR;Sul;Saida de Pista;1;1;;;;
12/08/2014;08:44:00;665,4;BR-376/PR;Sul;Saida de Pista;1;1;;;;
12/08/2014;13:47:00;100,084;BR-116/PR;Norte;Tombamento;1;0;1;;;
13/08/2014;00:36:00;99,248;BR-116/PR;Sul;Saida de Pista;1;1;;;;
13/08/2014;06:30:00;39,9;BR-101/SC;Sul;Saida de Pista;1;1;;;;
15/08/2014;02:25:00;647,489;BR-376/PR;Norte;Saida de Pista;1;1;;;;
15/08/2014;14:09:00;668,708;BR-376/PR;Sul;Saida de Pista;1;1;;;;
16/08/2014;17:43:00;659,835;BR-376/PR;Norte;Tombamento;1;1;;;;
17/08/2014;19:07:00;673,571;BR-376/PR;Sul;Saida de Pista;1;1;;;;
20/08/2014;18:14:00;109,042;BR-116/PR;Sul;Saida de Pista;1;1;;;;
21/08/2014;15:54:00;53,15;BR-101/SC;Sul;Saida de Pista;1;2;;;;
22/08/2014;03:28:00;671,7;BR-376/PR;Sul;Saida de Pista;1;1;;;;
22/08/2014;10:06:00;676,736;BR-376/PR;Sul;Saida de Pista;1;1;;;;
22/08/2014;23:03:00;664,581;BR-376/PR;Sul;Saida de Pista;1;2;;;;
24/08/2014;07:31:00;95,505;BR-101/SC;Sul;Tombamento;1;0;1;;;
24/08/2014;17:31:00;666,981;BR-376/PR;Sul;Saida de Pista;1;1;;;;
25/08/2014;12:58:00;671,7;BR-376/PR;Sul;Saida de Pista;1;1;;;;
26/08/2014;05:47:00;635,4;BR-376/PR;Norte;Saida de Pista;1;1;;;;
28/08/2014;17:56:00;656,1;BR-376/PR;Norte;Saida de Pista;2;2;;;;
30/08/2014;06:12:00;671,7;BR-376/PR;Sul;Saida de Pista;1;1;;;;
30/08/2014;09:50:00;673,1;BR-376/PR;Sul;Saida de Pista;1;3;;;;
30/08/2014;14:51:00;674,438;BR-376/PR;Sul;Tombamento;1;2;1;;;
31/08/2014;20:10:00;648,199;BR-376/PR;Sul;Tombamento;1;1;;;;
01/10/2014;04:22:00;639,544;BR-376/PR;Norte;Tombamento;1;1;;;;
01/10/2014;13:55:00;54,454;BR-101/SC;Norte;Saida de Pista;1;1;;;;
01/10/2014;14:26:00;3,472;BR-101/SC;Norte;Tombamento;1;0;1;;;
02/10/2014;03:37:00;55,916;BR-101/SC;Norte;Saida de Pista;1;1;;;;
02/10/2014;23:52:00;104,155;BR-116/PR;Norte;Saida de Pista;1;1;;;;
04/10/2014;14:50:00;665,964;BR-376/PR;Norte;Saida de Pista;1;1;;;;
06/10/2014;05:04:00;671,7;BR-376/PR;Sul;Saida de Pista;1;1;;;;
09/10/2014;01:00:00;94,031;BR-116/PR;Norte;Saida de Pista;1;1;;;;
09/10/2014;05:40:00;652,701;BR-376/PR;Sul;Tombamento;1;1;1;;;
09/10/2014;11:19:00;46,355;BR-101/SC;Sul;Capotamento;2;2;;;;
09/10/2014;15:36:00;150,001;BR-101/SC;Sul;Capotamento;1;2;;;;
10/10/2014;10:48:00;665,87;BR-376/PR;Sul;Saida de Pista;1;1;;;;
10/10/2014;13:42:00;637,101;BR-376/PR;Norte;Saida de Pista;1;1;;;;
10/10/2014;18:03:00;214,545;BR-101/SC;Norte;Saida de Pista;1;1;;;;
13/10/2014;20:46:00;12,743;BR-101/SC;Norte;Saida de Pista;1;0;;;1;
13/10/2014;20:51:00;9;BR-101/SC;Sul;Saida de Pista;1;1;;;;
14/10/2014;11:39:00;671,701;BR-376/PR;Sul;Saida de Pista;1;1;;;;
15/10/2014;02:50:00;8,582;BR-101/SC;Sul;Saida de Pista;1;1;;;;
16/10/2014;07:49:00;670,848;BR-376/PR;Sul;Saida de Pista;1;0;1;;;
16/10/2014;11:56:00;196,501;BR-101/SC;Sul;Tombamento;1;1;;;;
17/10/2014;16:59:00;657,15;BR-376/PR;Sul;Saida de Pista;1;1;;;;
17/10/2014;17:32:00;114,871;BR-116/PR;Norte;Saida de Pista;1;1;;;;
17/10/2014;19:43:00;671,7;BR-376/PR;Sul;Saida de Pista;1;1;;;;
20/10/2014;23:21:00;671,7;BR-376/PR;Sul;Saida de Pista;1;1;;;;
21/10/2014;13:43:00;119,85;BR-101/SC;Norte;Saida de Pista;1;1;;;;
21/10/2014;16:59:00;670,01;BR-376/PR;Norte;Saida de Pista;1;1;;;;
23/10/2014;08:45:00;103,483;BR-116/PR;Norte;Tombamento;1;1;;;;
23/10/2014;19:26:00;665,15;BR-376/PR;Sul;Saida de Pista;1;1;;;;
24/10/2014;01:50:00;199,95;BR-101/SC;Norte;Saida de Pista;1;1;;;;
25/10/2014;10:04:00;158,742;BR-101/SC;Sul;Saida de Pista;1;4;2;;;
26/10/2014;04:02:00;88,8;BR-116/PR;Sul;Tombamento;1;1;;;;
26/10/2014;20:23:00;667,697;BR-376/PR;Norte;Saida de Pista;1;1;;;;
27/10/2014;00:04:00;21,323;BR-101/SC;Sul;Saida de Pista;1;1;;;;
27/10/2014;07:54:00;671,7;BR-376/PR;Sul;Saida de Pista;1;3;;;;
27/10/2014;15:40:00;2,768;BR-101/SC;Norte;Tombamento;1;1;;;;
27/10/2014;18:05:00;652,433;BR-376/PR;Norte;Tombamento;1;1;;;;
28/10/2014;06:56:00;134,001;BR-101/SC;Norte;Saida de Pista;2;2;;;;
28/10/2014;23:20:00;665,83;BR-376/PR;Sul;Tombamento;1;1;;;;
28/10/2014;23:48:00;186,122;BR-101/SC;Sul;Tombamento;1;1;;;;
30/10/2014;07:45:00;108,001;BR-116/PR;Sul;Saida de Pista;1;1;;;;
02/12/2014;13:44:00;675,499;BR-376/PR;Sul;Saida de Pista;1;1;;;;
02/12/2014;23:21:00;671,7;BR-376/PR;Sul;Saida de Pista;1;1;;;;
03/12/2014;08:07:00;99,001;BR-116/PR;Norte;Capotamento;1;2;;;;
03/12/2014;15:06:00;664,199;BR-376/PR;Norte;Saida de Pista;1;1;;;;
03/12/2014;17:55:00;39,215;BR-101/SC;Sul;Saida de Pista;1;1;;;;
04/12/2014;00:25:00;14,2;BR-101/SC;Norte;Tombamento;1;1;;;;
04/12/2014;05:26:00;671,7;BR-376/PR;Sul;Saida de Pista;1;1;;;;
05/12/2014;05:14:00;234,6;BR-101/SC;Norte;Tombamento;1;1;;;;
05/12/2014;05:55:00;665,001;BR-376/PR;Sul;Saida de Pista;1;1;;;;
06/12/2014;05:57:00;19,7;BR-101/SC;Norte;Tombamento;1;2;;;;
07/12/2014;02:47:00;6,01;BR-101/SC;Norte;Saida de Pista;1;1;;;;
08/12/2014;12:51:00;210,5;BR-101/SC;Norte;Capotamento;1;2;;;;
08/12/2014;16:57:00;90,52;BR-116/PR;Norte;Saida de Pista;1;0;1;;;
09/12/2014;17:44:00;653,01;BR-376/PR;Norte;Saida de Pista;1;1;;;;
09/12/2014;18:25:00;615,001;BR-376/PR;Sul;Saida de Pista;1;1;;;;
09/12/2014;19:12:00;89,1;BR-116/PR;Norte;Saida de Pista;1;2;;;;
09/12/2014;20:31:00;48,8;BR-101/SC;Norte;Saida de Pista;1;1;;;;
10/12/2014;04:07:00;99,901;BR-116/PR;Norte;Saida de Pista;1;2;;;;
11/12/2014;03:31:00;0,901;BR-101/SC;Norte;Saida de Pista;1;1;;;;
13/12/2014;00:35:00;149,1;BR-101/SC;Sul;Saida de Pista;1;1;;;;
13/12/2014;02:59:00;114,5;BR-101/SC;Norte;Tombamento;1;1;;;;
13/12/2014;21:24:00;671,399;BR-376/PR;Sul;Saida de Pista;1;0;;1;;
15/12/2014;13:09:00;122,33;BR-101/SC;Sul;Tombamento;1;1;;;;
16/12/2014;13:01:00;651,897;BR-376/PR;Norte;Tombamento;1;0;;;2;
16/12/2014;16:15:00;239,198;BR-101/SC;Norte;Saida de Pista;1;1;;;;
17/12/2014;00:16:00;663,5;BR-376/PR;Norte;Saida de Pista;1;2;;;;
18/12/2014;02:55:00;669,001;BR-376/PR;Sul;Saida de Pista;1;2;;1;;
18/12/2014;08:05:00;66,9;BR-101/SC;Sul;Saida de Pista;1;1;;;;
18/12/2014;15:40:00;674,001;BR-376/PR;Norte;Saida de Pista;1;1;;;;
18/12/2014;16:50:00;104,001;BR-116/PR;Norte;Saida de Pista;1;1;;;;
18/12/2014;17:16:00;109,001;BR-116/PR;Norte;Saida de Pista;1;1;;;;
18/12/2014;18:00:00;101,001;BR-116/PR;Sul;Tombamento;1;1;;;;
19/12/2014;03:28:00;663,001;BR-376/PR;Norte;Saida de Pista;1;1;;;;
19/12/2014;06:18:00;671,2;BR-376/PR;Sul;Saida de Pista;1;1;;;;
19/12/2014;15:05:00;671,7;BR-376/PR;Sul;Saida de Pista;1;1;;;;
19/12/2014;17:49:00;39,299;BR-101/SC;Sul;Tombamento;1;1;;;;