data;horario;km;trecho;sentido;tipo_de_acidente;caminhao;ilesos;levemente_feridos;moderadamente_feridos;gravemente_feridos;mortos
21/12/2014;14:26:00;614,6;BR-376/PR;Sul;Tombamento;1;1;;;;
22/12/2014;09:18:00;52,099;BR-101/SC;Sul;Tombamento;1;1;;;;
23/12/2014;03:30:00;12,001;BR-101/SC;Sul;Saida de Pista;1;1;;;;
23/12/2014;09:55:00;664,5;BR-376/PR;Norte;Saida de Pista;1;2;;;;
23/12/2014;13:42:00;673,1;BR-376/PR;Sul;Tombamento;1;0;;1;;
23/12/2014;16:30:00;109,8;BR-116/PR;Norte;Saida de Pista;1;1;;;;
29/12/2014;14:34:00;617,001;BR-376/PR;Sul;Saida de Pista;1;0;1;;;
29/12/2014;15:16:00;98,001;BR-116/PR;Norte;Saida de Pista;1;1;;;;
30/12/2014;01:57:00;671,7;BR-376/PR;Sul;Saida de Pista;1;1;;;;
24/03/2016;22:11:00;7,5;BR-101/SC;Sul;Saida de Pista;1;1;;;;
21/04/2016;11:06:00;1,001;BR-101/SC;Sul;Saida de Pista;1;1;;;;
20/04/2016;05:19:00;1,059;BR-101/SC;Sul;Tombamento;1;2;;;;
20/07/2016;09:16:00;3,001;BR-101/SC;Norte;Saida de Pista;1;3;;;;
07/02/2016;09:45:00;5,8;BR-101/SC;Sul;Tombamento;2;2;;;;
17/04/2016;08:49:00;6,966;BR-101/SC;Sul;Tombamento;1;1;;;;
12/08/2016;19:17:00;13,603;BR-101/SC;Sul;Saida de Pista;1;0;1;;;
20/03/2016;03:11:00;15,05;BR-101/SC;Norte;Saida de Pista;1;1;;;;
13/06/2016;15:34:00;20,1;BR-101/SC;Norte;Saida de Pista;1;2;;;;
14/05/2016;18:55:00;21,7;BR-101/SC;Norte;Saida de Pista;1;2;;;;
23/03/2016;12:22:00;31,8;BR-101/SC;Norte;Saida de Pista;1;1;;;;
29/06/2016;18:16:00;32,5;BR-101/SC;Sul;Saida de Pista;1;1;;;;
13/06/2016;07:54:00;32,559;BR-101/SC;Sul;Tombamento;1;1;1;;;
25/05/2016;15:45:00;36,998;BR-101/SC;Sul;Saida de Pista;1;1;;;;
15/08/2016;14:01:00;38,5;BR-101/SC;Sul;Saida de Pista;1;2;;;;
30/04/2016;07:19:00;39,932;BR-101/SC;Norte;Capotamento;1;1;;1;;
05/06/2016;12:53:00;40,982;BR-101/SC;Sul;Tombamento;1;1;;;;1
03/02/2016;23:39:00;41,95;BR-101/SC;Sul;Saida de Pista;1;2;;;;
02/08/2016;19:11:00;47,8;BR-101/SC;Norte;Saida de Pista;1;1;;;;
10/02/2016;12:42:00;48,5;BR-101/SC;Sul;Saida de Pista;1;1;;;;
18/06/2016;09:15:00;50,379;BR-101/SC;Sul;Tombamento;1;1;;;;
26/04/2016;23:33:00;51,302;BR-101/SC;Sul;Saida de Pista;1;1;;;;
22/05/2016;14:46:00;51,4;BR-101/SC;Sul;Saida de Pista;1;1;1;;;
24/03/2016;12:24:00;51,6;BR-101/SC;Sul;Tombamento;1;0;1;;;
09/08/2016;15:30:00;51,633;BR-101/SC;Sul;Tombamento;1;1;;;;
27/04/2016;15:20:00;52,679;BR-101/SC;Norte;Saida de Pista;1;3;;;;
26/04/2016;08:33:00;57,554;BR-101/SC;Norte;Tombamento;1;1;;;;
03/08/2016;13:49:00;57,8;BR-101/SC;Norte;Tombamento;1;1;;;;
19/02/2016;01:40:00;66,15;BR-101/SC;Norte;Saida de Pista;1;1;;;;
19/08/2016;23:28:00;71,541;BR-101/SC;Sul;Saida de Pista;1;1;;;;
02/06/2016;16:00:00;72,899;BR-101/SC;Sul;Saida de Pista;1;1;;;;
10/08/2016;06:23:00;73,001;BR-101/SC;Sul;Saida de Pista;1;2;;;;
25/07/2016;12:17:00;78,001;BR-101/SC;Norte;Tombamento;1;1;;;;
15/08/2016;08:56:00;81,5;BR-101/SC;Sul;Saida de Pista;1;1;;;;
04/08/2016;05:11:00;92,386;BR-101/SC;Norte;Tombamento;1;1;;1;;
20/06/2016;19:05:00;92,4;BR-101/SC;Norte;Saida de Pista;1;1;;;;
16/08/2016;03:30:00;96,127;BR-101/SC;Sul;Saida de Pista;1;0;;1;;
22/07/2016;15:35:00;97,369;BR-101/SC;Norte;Saida de Pista;1;1;;;;
10/01/2016;13:50:00;98,5;BR-101/SC;Norte;Tombamento;1;1;;;;
04/03/2016;18:19:00;98,5;BR-101/SC;Norte;Saida de Pista;1;2;;;;
15/08/2016;13:27:00;99,01;BR-101/SC;Norte;Tombamento;1;1;;;;
12/08/2016;14:13:00;100,001;BR-101/SC;Sul;Saida de Pista;1;1;;;;
18/06/2016;13:59:00;100,153;BR-101/SC;Norte;Saida de Pista;1;1;;;;
05/02/2016;17:41:00;101,001;BR-101/SC;Norte;Saida de Pista;1;1;;;;
21/05/2016;16:29:00;105,9;BR-101/SC;Norte;Saida de Pista;1;2;;;;
27/01/2016;08:19:00;110,9;BR-101/SC;Sul;Saida de Pista;2;1;1;;;
02/02/2016;08:27:00;111,002;BR-101/SC;Sul;Saida de Pista;1;1;;;;
19/01/2016;13:49:00;111,234;BR-101/SC;Norte;Tombamento;1;1;;;;
10/05/2016;04:04:00;111,3;BR-101/SC;Norte;Saida de Pista;1;1;;;;
25/05/2016;07:02:00;111,339;BR-101/SC;Sul;Tombamento;1;1;;;;
30/01/2016;01:19:00;111,5;BR-101/SC;Norte;Tombamento;1;1;;;;
10/06/2016;14:27:00;112,001;BR-101/SC;Sul;Tombamento;1;1;;;;
17/08/2016;14:27:00;112,001;BR-101/SC;Norte;Tombamento;1;1;;;;
22/06/2016;11:21:00;113,5;BR-101/SC;Norte;Saida de Pista;1;1;;;;
15/08/2016;11:55:00;114,01;BR-101/SC;Sul;Saida de Pista;1;1;;;;
06/05/2016;13:26:00;114,5;BR-101/SC;Sul;Saida de Pista;1;2;;;;
11/08/2016;06:01:00;114,8;BR-101/SC;Norte;Saida de Pista;1;2;;;;
20/05/2016;16:51:00;115,4;BR-101/SC;Norte;Saida de Pista;1;1;;;;
16/07/2016;12:47:00;116,001;BR-101/SC;Sul;Saida de Pista;1;1;;;;
22/01/2016;13:12:00;616,985;BR-376/PR;Sul;Saida de Pista;1;1;;;;
17/02/2016;14:49:00;617,001;BR-376/PR;Sul;Saida de Pista;1;1;;;;
07/06/2016;07:26:00;617,5;BR-376/PR;Norte;Saida de Pista;1;1;;;;
16/06/2016;03:48:00;117,214;BR-101/SC;Norte;Tombamento;1;1;;;;
19/04/2016;19:55:00;117,668;BR-101/SC;Norte;Capotamento;1;2;;;;
18/01/2016;11:18:00;118,001;BR-101/SC;Sul;Tombamento;2;2;;;;
29/07/2016;23:33:00;118,237;BR-101/SC;Sul;Capotamento;1;1;3;;;
22/03/2016;06:19:00;100,101;BR-116/PR;Sul;Tombamento;1;1;;;;
03/06/2016;14:02:00;620,01;BR-376/PR;Sul;Capotamento;1;4;2;;;
15/07/2016;15:18:00;119,001;BR-101/SC;Sul;Saida de Pista;1;1;;;;
31/08/2016;15:02:00;119,5;BR-101/SC;Norte;Saida de Pista;1;1;;;;
06/06/2016;04:10:00;119,9;BR-101/SC;Norte;Saida de Pista;1;1;;;;
05/06/2016;17:36:00;101,001;BR-116/PR;Norte;Saida de Pista;1;1;;;;
19/08/2016;10:05:00;101,001;BR-116/PR;Sul;Saida de Pista;1;2;;;;
12/02/2016;09:32:00;120,7;BR-101/SC;Sul;Tombamento;1;1;;;;
01/02/2016;20:33:00;120,9;BR-101/SC;Norte;Tombamento;1;1;;;;
06/05/2016;15:24:00;121,636;BR-101/SC;Sul;Saida de Pista;1;1;;;;
10/01/2016;14:52:00;627,001;BR-376/PR;Norte;Saida de Pista;1;3;;;;
20/05/2016;18:11:00;627,001;BR-376/PR;Sul;Saida de Pista;1;1;;;;
13/05/2016;09:19:00;101,9;BR-116/PR;Sul;Saida de Pista;1;1;;;;
19/03/2016;16:29:00;102,001;BR-116/PR;Sul;Saida de Pista;1;1;;;;
01/04/2016;14:13:00;102,001;BR-116/PR;Sul;Saida de Pista;1;3;;;;
18/06/2016;10:37:00;102,001;BR-116/PR;Sul;Saida de Pista;1;1;;;;
15/08/2016;14:24:00;102,029;BR-116/PR;Norte;Saida de Pista;1;1;;;;
20/01/2016;18:36:00;102,5;BR-116/PR;Sul;Saida de Pista;1;1;;;;
01/05/2016;18:14:00;635,1;BR-376/PR;Sul;Saida de Pista;1;1;;;;
18/02/2016;01:35:00;129,12;BR-101/SC;Sul;Saida de Pista;2;2;;;;
08/05/2016;20:37:00;129,827;BR-101/SC;Norte;Saida de Pista;1;1;;;;
18/03/2016;18:29:00;103,15;BR-116/PR;Sul;Saida de Pista;1;0;1;;;
30/04/2016;06:52:00;103,8;BR-116/PR;Norte;Tombamento;1;1;;;;
05/04/2016;22:27:00;637,4;BR-376/PR;Norte;Tombamento;1;1;1;;;
30/06/2016;02:15:00;638,93;BR-376/PR;Norte;Saida de Pista;1;0;;1;;
27/04/2016;18:17:00;134,126;BR-101/SC;Norte;Saida de Pista;1;1;;;;
25/02/2016;10:08:00;640,3;BR-376/PR;Sul;Tombamento;1;0;1;;;
21/06/2016;09:31:00;105,6;BR-116/PR;Sul;Tombamento;1;1;;;;
23/06/2016;08:59:00;105,82;BR-116/PR;Sul;Tombamento;1;1;;;;
30/03/2016;07:45:00;645,5;BR-376/PR;Norte;Tombamento;1;0;1;;;
28/01/2016;16:58:00;137,001;BR-101/SC;Norte;Saida de Pista;1;1;;;;
10/01/2016;20:52:00;645,8;BR-376/PR;Sul;Tombamento;1;1;;;;
27/04/2016;21:50:00;646,74;BR-376/PR;Norte;Tombamento;1;1;;;;
22/02/2016;15:26:00;106,001;BR-116/PR;Norte;Tombamento;1;1;;;;
11/01/2016;18:03:00;139,2;BR-101/SC;Norte;Saida de Pista;1;1;;;;
05/04/2016;11:55:00;139,4;BR-101/SC;Sul;Saida de Pista;1;2;;;;
17/06/2016;09:59:00;139,5;BR-101/SC;Norte;Tombamento;1;1;;;;
20/07/2016;09:19:00;139,5;BR-101/SC;Sul;Saida de Pista;1;3;;;;
22/05/2016;11:06:00;651,001;BR-376/PR;Norte;Saida de Pista;1;1;;;;
12/01/2016;00:45:00;651,113;BR-376/PR;Norte;Saida de Pista;1;2;;;;
20/08/2016;16:28:00;651,3;BR-376/PR;Norte;Saida de Pista;1;2;;;;
05/07/2016;16:46:00;107,001;BR-116/PR;Sul;Saida de Pista;1;1;;;;
20/07/2016;18:52:00;107,001;BR-116/PR;Norte;Saida de Pista;1;1;;;;
22/06/2016;21:00:00;141,64;BR-101/SC;Sul;Saida de Pista;1;1;3;;;
10/02/2016;15:22:00;651,9;BR-376/PR;Sul;Saida de Pista;1;1;;;;
07/07/2016;21:51:00;651,9;BR-376/PR;Sul;Saida de Pista;1;2;;;;
05/01/2016;13:45:00;145,001;BR-101/SC;Norte;Saida de Pista;1;1;;;;
03/03/2016;11:13:00;146,001;BR-101/SC;Norte;Capotamento;1;3;;;;
11/01/2016;17:01:00;146,2;BR-101/SC;Norte;Saida de Pista;1;1;;;;
22/02/2016;17:00:00;108,001;BR-116/PR;Sul;Saida de Pista;1;1;;;;
03/06/2016;07:17:00;147,636;BR-101/SC;Norte;Capotamento;1;2;;;;
10/03/2016;08:05:00;652,8;BR-376/PR;Sul;Tombamento;1;0;1;;;
03/03/2016;19:33:00;151,001;BR-101/SC;Sul;Saida de Pista;1;1;;;;
31/03/2016;11:06:00;108,5;BR-116/PR;Norte;Tombamento;1;1;;;;
03/05/2016;03:17:00;654,038;BR-376/PR;Sul;Tombamento;1;1;;;;
22/06/2016;14:07:00;654,5;BR-376/PR;Sul;Saida de Pista;1;1;;;;
11/08/2016;13:15:00;108,6;BR-116/PR;Sul;Tombamento;1;1;;;;
20/02/2016;18:50:00;152,97;BR-101/SC;Sul;Tombamento;1;2;;;;
28/05/2016;23:20:00;655,163;BR-376/PR;Norte;Tombamento;1;1;;;;
15/04/2016;05:25:00;655,38;BR-376/PR;Sul;Tombamento;1;2;;;;
15/08/2016;11:23:00;108,8;BR-116/PR;Norte;Saida de Pista;1;1;;;;
07/04/2016;04:02:00;153,877;BR-101/SC;Sul;Tombamento;1;0;1;;;
17/02/2016;14:39:00;108,9;BR-116/PR;Norte;Saida de Pista;1;1;;;;
31/08/2016;20:14:00;155,001;BR-101/SC;Sul;Saida de Pista;1;1;;;;
18/01/2016;07:56:00;109,005;BR-116/PR;Sul;Saida de Pista;1;1;;;;
23/02/2016;11:31:00;109,05;BR-116/PR;Norte;Saida de Pista;1;1;;;;
23/06/2016;10:25:00;109,115;BR-116/PR;Norte;Saida de Pista;1;1;;;;
07/05/2016;19:13:00;655,758;BR-376/PR;Norte;Capotamento;1;5;1;;;
10/03/2016;16:50:00;656,001;BR-376/PR;Norte;Saida de Pista;1;1;;;;
16/05/2016;21:27:00;656,001;BR-376/PR;Sul;Saida de Pista;1;1;;;;
11/04/2016;12:13:00;656,136;BR-376/PR;Norte;Tombamento;1;0;1;;;
20/08/2016;07:51:00;656,6;BR-376/PR;Norte;Saida de Pista;1;2;2;;;
11/07/2016;19:50:00;656,789;BR-376/PR;Norte;Tombamento;1;0;;1;;
22/06/2016;13:16:00;656,8;BR-376/PR;Norte;Saida de Pista;2;3;;;;
22/06/2016;05:25:00;110,37;BR-116/PR;Sul;Tombamento;1;1;;;;
10/03/2016;02:24:00;110,52;BR-116/PR;Sul;Saida de Pista;1;2;;;;
25/03/2016;00:31:00;657,1;BR-376/PR;Sul;Capotamento;2;3;1;;;
17/02/2016;19:12:00;110,9;BR-116/PR;Norte;Saida de Pista;1;1;;;;
19/08/2016;07:51:00;657,226;BR-376/PR;Sul;Saida de Pista;1;1;;;;
17/02/2016;15:58:00;111,1;BR-116/PR;Norte;Tombamento;1;1;;;;
28/01/2016;21:50:00;164,7;BR-101/SC;Sul;Tombamento;1;1;;;;
15/03/2016;11:18:00;111,2;BR-116/PR;Sul;Tombamento;1;1;;;;
20/02/2016;05:06:00;167,001;BR-101/SC;Norte;Saida de Pista;1;0;1;;;
22/04/2016;16:39:00;658,443;BR-376/PR;Norte;Saida de Pista;1;1;;;;
09/08/2016;08:16:00;112,6;BR-116/PR;Sul;Tombamento;2;2;;;;
05/02/2016;19:44:00;659,4;BR-376/PR;Norte;Saida de Pista;1;1;;;;
22/05/2016;00:38:00;176,001;BR-101/SC;Sul;Capotamento;1;1;;;;
08/06/2016;15:29:00;177,001;BR-101/SC;Sul;Saida de Pista;1;1;;;;
07/06/2016;22:14:00;177,7;BR-101/SC;Sul;Saida de Pista;1;1;;;;
16/08/2016;02:44:00;177,788;BR-101/SC;Norte;Tombamento;1;1;;;;
02/03/2016;02:00:00;178,01;BR-101/SC;Sul;Saida de Pista;1;1;;;;
11/03/2016;15:55:00;113,001;BR-116/PR;Norte;Saida de Pista;1;1;;;;
16/03/2016;16:45:00;659,807;BR-376/PR;Norte;Saida de Pista;1;1;;;;
11/01/2016;09:47:00;659,85;BR-376/PR;Sul;Tombamento;1;1;;;;
07/01/2016;10:57:00;659,89;BR-376/PR;Sul;Saida de Pista;1;1;;;;
01/04/2016;02:51:00;659,9;BR-376/PR;Sul;Tombamento;1;1;;;;
27/04/2016;20:44:00;180,905;BR-101/SC;Sul;Saida de Pista;1;1;;;;
25/01/2016;02:55:00;666,095;BR-376/PR;Sul;Tombamento;1;0;1;1;;
15/06/2016;08:55:00;660,01;BR-376/PR;Sul;Saida de Pista;1;1;;;;
11/07/2016;11:30:00;182,001;BR-101/SC;Sul;Saida de Pista;1;3;;1;;
22/05/2016;12:05:00;184,759;BR-101/SC;Norte;Capotamento;1;2;;;;
29/08/2016;18:20:00;113,55;BR-116/PR;Sul;Saida de Pista;1;1;;;;
09/04/2016;19:03:00;114,001;BR-116/PR;Norte;Saida de Pista;1;0;1;;;
28/05/2016;08:19:00;114,05;BR-116/PR;Sul;Saida de Pista;2;2;;;;
11/04/2016;13:17:00;190,8;BR-101/SC;Norte;Saida de Pista;1;2;;;;
06/04/2016;05:01:00;663,787;BR-376/PR;Norte;Saida de Pista;1;1;;;;
30/03/2016;04:10:00;191,96;BR-101/SC;Norte;Tombamento;1;1;;;;
22/03/2016;06:59:00;114,4;BR-116/PR;Norte;Saida de Pista;1;1;;;;
10/08/2016;21:00:00;192,1;BR-101/SC;Norte;Tombamento;1;1;1;;;
26/02/2016;01:00:00;192,11;BR-101/SC;Norte;Saida de Pista;1;1;;;;
04/07/2016;05:46:00;192,181;BR-101/SC;Norte;Tombamento;1;0;1;;;
14/07/2016;09:25:00;192,2;BR-101/SC;Norte;Capotamento;1;1;1;;;
24/02/2016;08:01:00;193,001;BR-101/SC;Sul;Tombamento;1;1;;;;
06/06/2016;10:21:00;664,01;BR-376/PR;Norte;Saida de Pista;1;2;;;;
22/03/2016;15:45:00;193,57;BR-101/SC;Norte;Saida de Pista;1;1;;;;
17/03/2016;10:11:00;114,677;BR-116/PR;Norte;Tombamento;1;0;;1;;
17/05/2016;16:57:00;114,742;BR-116/PR;Norte;Saida de Pista;1;1;;;;
16/07/2016;12:39:00;664,3;BR-376/PR;Norte;Saida de Pista;1;2;;;;
18/08/2016;18:40:00;115,001;BR-116/PR;Norte;Saida de Pista;1;1;;;;
16/01/2016;14:38:00;664,4;BR-376/PR;Norte;Saida de Pista;1;1;;;;
06/04/2016;05:07:00;196,673;BR-101/SC;Sul;Tombamento;1;1;;;;
11/05/2016;00:57:00;73,2;BR-116/PR;Sul;Tombamento;1;1;;;;
10/04/2016;10:51:00;73,337;BR-116/PR;Norte;Saida de Pista;1;1;;;;
22/08/2016;08:03:00;664,8;BR-376/PR;Sul;Saida de Pista;1;1;;;;
11/03/2016;23:08:00;76,1;BR-116/PR;Norte;Tombamento;1;1;;;;
02/03/2016;13:10:00;201,001;BR-101/SC;Norte;Capotamento;1;1;;1;;
14/07/2016;16:13:00;77,122;BR-116/PR;Sul;Tombamento;1;1;;;;
24/08/2016;01:19:00;79,3;BR-116/PR;Norte;Saida de Pista;1;0;1;;;
18/08/2016;00:44:00;79,794;BR-116/PR;Norte;Tombamento;1;1;;;;
25/01/2016;13:04:00;81,001;BR-116/PR;Sul;Saida de Pista;1;1;;;;
23/01/2016;20:55:00;81,356;BR-116/PR;Sul;Tombamento;1;1;;1;;
13/07/2016;10:46:00;665,2;BR-376/PR;Sul;Saida de Pista;1;2;;;;
20/08/2016;10:12:00;82,001;BR-116/PR;Norte;Saida de Pista;1;1;;;;
31/08/2016;10:01:00;82,001;BR-116/PR;Sul;Saida de Pista;1;1;;;;
22/01/2016;04:19:00;665,329;BR-376/PR;Norte;Tombamento;1;1;;;;
26/08/2016;01:00:00;83,57;BR-116/PR;Sul;Tombamento;1;1;;;;
27/02/2016;18:47:00;665,45;BR-376/PR;Sul;Tombamento;1;0;;1;;
27/04/2016;01:46:00;84,239;BR-116/PR;Sul;Tombamento;1;1;;;;
10/02/2016;08:00:00;665,5;BR-376/PR;Sul;Tombamento;1;0;;2;;
09/03/2016;18:44:00;665,5;BR-376/PR;Norte;Saida de Pista;1;1;;;;
09/06/2016;08:22:00;665,5;BR-376/PR;Sul;Tombamento;1;1;;;;
06/01/2016;05:09:00;665,562;BR-376/PR;Sul;Tombamento;2;2;;;;
24/03/2016;04:36:00;84,99;BR-116/PR;Sul;Saida de Pista;1;1;;;;
19/04/2016;19:46:00;86,1;BR-116/PR;Sul;Saida de Pista;1;2;;;;
02/02/2016;22:45:00;666,001;BR-376/PR;Sul;Saida de Pista;1;2;;;;
05/02/2016;04:26:00;666,05;BR-376/PR;Sul;Saida de Pista;1;1;;;;
29/06/2016;02:38:00;87,5;BR-116/PR;Sul;Tombamento;1;1;;;;
23/01/2016;18:01:00;88,5;BR-116/PR;Sul;Tombamento;1;0;;1;;
30/06/2016;19:29:00;206,421;BR-101/SC;Norte;Tombamento;2;2;;;;
23/02/2016;11:09:00;666,9;BR-376/PR;Norte;Saida de Pista;1;1;;;;
08/05/2016;21:49:00;88,8;BR-116/PR;Norte;Saida de Pista;1;2;;;;
12/07/2016;13:12:00;89,001;BR-116/PR;Sul;Saida de Pista;1;1;1;;;
09/02/2016;07:22:00;667,01;BR-376/PR;Sul;Saida de Pista;1;1;;;;
26/01/2016;21:19:00;667,05;BR-376/PR;Sul;Tombamento;1;0;1;;;
26/01/2016;15:20:00;667,052;BR-376/PR;Sul;Saida de Pista;1;1;;;;
10/01/2016;15:22:00;667,3;BR-376/PR;Norte;Saida de Pista;1;2;;;;
11/01/2016;09:39:00;667,422;BR-376/PR;Sul;Tombamento;1;0;;1;1;
22/05/2016;10:28:00;667,5;BR-376/PR;Sul;Saida de Pista;1;2;;;;
26/08/2016;05:40:00;667,5;BR-376/PR;Sul;Tombamento;1;6;1;1;;1
28/04/2016;15:53:00;667,523;BR-376/PR;Sul;Tombamento;1;2;;;;
08/03/2016;08:51:00;667,6;BR-376/PR;Sul;Saida de Pista;1;1;;;;
15/06/2016;06:42:00;667,6;BR-376/PR;Sul;Tombamento;1;0;1;;1;
07/08/2016;05:52:00;667,6;BR-376/PR;Sul;Tombamento;1;1;;;;
07/06/2016;08:12:00;667,62;BR-376/PR;Sul;Tombamento;1;1;;;;
18/05/2016;12:04:00;668,05;BR-376/PR;Sul;Tombamento;1;0;1;;;
22/05/2016;23:22:00;668,181;BR-376/PR;Sul;Tombamento;1;0;1;;;
16/07/2016;01:22:00;668,262;BR-376/PR;Norte;Tombamento;1;0;;2;;
07/02/2016;11:37:00;668,3;BR-376/PR;Sul;Tombamento;1;0;;3;;2
29/02/2016;14:19:00;668,3;BR-376/PR;Sul;Tombamento;1;0;;;;1
16/05/2016;16:32:00;668,3;BR-376/PR;Sul;Tombamento;1;2;;;;
09/06/2016;22:31:00;668,331;BR-376/PR;Sul;Tombamento;1;0;2;;;
11/06/2016;18:52:00;668,448;BR-376/PR;Sul;Tombamento;1;1;;;;
02/07/2016;08:11:00;668,478;BR-376/PR;Sul;Saida de Pista;1;2;;;;
14/06/2016;23:27:00;668,5;BR-376/PR;Sul;Tombamento;1;1;;;;
19/02/2016;06:13:00;668,56;BR-376/PR;Sul;Tombamento;2;2;;;;
17/06/2016;11:21:00;92,5;BR-116/PR;Sul;Saida de Pista;1;2;;;;
30/05/2016;06:01:00;668,65;BR-376/PR;Sul;Tombamento;1;2;;;;
28/06/2016;21:08:00;669,8;BR-376/PR;Sul;Saida de Pista;1;1;;;;
19/01/2016;13:07:00;670,001;BR-376/PR;Sul;Saida de Pista;1;2;;;;
03/03/2016;14:16:00;670,9;BR-376/PR;Norte;Saida de Pista;1;1;;;;
09/03/2016;07:00:00;671,001;BR-376/PR;Sul;Tombamento;1;1;;;;
14/01/2016;10:10:00;671,1;BR-376/PR;Norte;Capotamento;1;2;;;;
31/01/2016;08:46:00;671,2;BR-376/PR;Sul;Tombamento;1;1;;;;
19/08/2016;06:51:00;671,326;BR-376/PR;Norte;Saida de Pista;1;1;;;;
17/02/2016;06:10:00;671,6;BR-376/PR;Sul;Saida de Pista;1;1;;;;
06/01/2016;20:43:00;671,7;BR-376/PR;Sul;Saida de Pista;1;1;;;;
27/01/2016;02:59:00;671,7;BR-376/PR;Sul;Saida de Pista;1;1;;;;
27/01/2016;10:09:00;671,7;BR-376/PR;Sul;Saida de Pista;1;1;;;;
01/02/2016;08:11:00;671,7;BR-376/PR;Sul;Saida de Pista;1;1;;;;
01/03/2016;19:09:00;671,7;BR-376/PR;Sul;Saida de Pista;1;1;;;;
28/03/2016;22:43:00;671,7;BR-376/PR;Sul;Saida de Pista;1;1;;;;
14/04/2016;23:53:00;671,7;BR-376/PR;Sul;Saida de Pista;1;1;;;;
26/05/2016;23:15:00;671,7;BR-376/PR;Sul;Saida de Pista;1;1;;;;
22/06/2016;19:48:00;671,7;BR-376/PR;Sul;Saida de Pista;1;1;;;;
08/08/2016;18:17:00;94,5;BR-116/PR;Sul;Tombamento;1;1;;;;
03/02/2016;11:56:00;672,85;BR-376/PR;Sul;Tombamento;2;2;;;;
12/03/2016;23:58:00;95,1;BR-116/PR;Sul;Tombamento;1;1;;;;
16/02/2016;17:09:00;215,3;BR-101/SC;Sul;Tombamento;1;1;;;;
05/05/2016;23:23:00;673,211;BR-376/PR;Sul;Saida de Pista;1;1;;;;
07/03/2016;14:52:00;673,8;BR-376/PR;Norte;Tombamento;1;1;;;;
17/05/2016;07:56:00;674,01;BR-376/PR;Norte;Saida de Pista;1;1;;;;
21/05/2016;08:32:00;674,5;BR-376/PR;Sul;Tombamento;1;1;;;;
20/01/2016;15:39:00;674,9;BR-376/PR;Sul;Saida de Pista;1;1;;;;
06/05/2016;12:56:00;675,068;BR-376/PR;Sul;Saida de Pista;1;0;;1;;
17/01/2016;13:29:00;675,3;BR-376/PR;Sul;Tombamento;1;0;2;;;
25/02/2016;07:45:00;675,5;BR-376/PR;Sul;Saida de Pista;1;1;;;;
04/08/2016;01:03:00;218,371;BR-101/SC;Sul;Tombamento;1;1;;;;
13/04/2016;04:01:00;676,468;BR-376/PR;Norte;Saida de Pista;1;1;;;;
07/06/2016;21:57:00;219,001;BR-101/SC;Norte;Saida de Pista;1;3;;;;
16/04/2016;11:30:00;677,497;BR-376/PR;Sul;Saida de Pista;1;1;;;;
11/08/2016;18:58:00;677,5;BR-376/PR;Norte;Saida de Pista;1;1;;;;
02/03/2016;12:21:00;678,001;BR-376/PR;Sul;Saida de Pista;1;1;;;;
09/01/2016;17:39:00;98,001;BR-116/PR;Sul;Saida de Pista;1;1;;;;
06/05/2016;02:30:00;221,824;BR-101/SC;Sul;Saida de Pista;1;1;;;;
25/03/2016;16:14:00;679,001;BR-376/PR;Sul;Tombamento;1;1;;;;
03/03/2016;04:42:00;228,05;BR-101/SC;Sul;Saida de Pista;1;1;;;;
02/02/2016;14:44:00;98,8;BR-116/PR;Norte;Saida de Pista;1;1;;;;
13/04/2016;04:26:00;679,378;BR-376/PR;Sul;Saida de Pista;1;1;;;;
11/04/2016;23:19:00;232,494;BR-101/SC;Sul;Tombamento;1;0;1;;;
21/08/2016;08:32:00;232,7;BR-101/SC;Sul;Tombamento;1;1;;;;
06/05/2016;00:37:00;232,793;BR-101/SC;Sul;Tombamento;1;1;;;;
17/06/2016;04:03:00;233,05;BR-101/SC;Sul;Tombamento;1;1;;;;
26/01/2016;17:50:00;233,8;BR-101/SC;Sul;Saida de Pista;1;1;;;;
08/01/2016;08:46:00;99,001;BR-116/PR;Norte;Saida de Pista;1;1;;;;
25/04/2016;10:10:00;679,722;BR-376/PR;Sul;Tombamento;1;3;;;;
03/03/2016;13:19:00;99,01;BR-116/PR;Norte;Saida de Pista;1;1;;;;
23/04/2016;12:12:00;241,525;BR-101/SC;Norte;Tombamento;1;1;2;;;
02/02/2016;14:33:00;99,8;BR-116/PR;Norte;Tombamento;1;1;;;;
03/11/2016;02:36:00;671,307;BR-376/PR;Sul;Saida de Pista;1;0;1;;;
03/11/2016;08:25:00;671,43;BR-376/PR;Sul;Saida de Pista;1;1;;;;
04/11/2016;17:58:00;107,352;BR-116/PR;Norte;Saida de Pista;1;1;;;;
05/11/2016;21:43:00;650,95;BR-376/PR;Sul;Tombamento;1;0;1;;;
07/11/2016;08:38:00;69,9;BR-101/SC;Sul;Tombamento;1;1;;;;
08/11/2016;02:00:00;664,3;BR-376/PR;Norte;Tombamento;1;1;;;;
08/11/2016;18:47:00;17,95;BR-101/SC;Norte;Tombamento;1;1;;;;