data;horario;km;trecho;sentido;tipo_de_acidente;caminhao;ilesos;levemente_feridos;moderadamente_feridos;gravemente_feridos;mortos
09/11/2016;22:08:00;10,57;BR-101/SC;Norte;Saida de Pista;1;1;;;;
10/11/2016;06:08:00;10,07;BR-101/SC;Norte;Saida de Pista;1;1;;;;
11/11/2016;13:50:00;618,001;BR-376/PR;Sul;Capotamento;1;2;;;;
12/11/2016;00:46:00;632,965;BR-376/PR;Sul;Saida de Pista;1;0;1;1;;
12/11/2016;06:27:00;95,001;BR-116/PR;Sul;Saida de Pista;1;1;;;;
12/11/2016;07:40:00;618,14;BR-376/PR;Norte;Tombamento;1;1;1;;;
12/11/2016;22:52:00;91,2;BR-116/PR;Sul;Tombamento;1;1;;;;
13/11/2016;14:36:00;656,7;BR-376/PR;Norte;Saida de Pista;1;2;;;;
16/11/2016;01:20:00;30,528;BR-101/SC;Norte;Tombamento;1;1;;;;
16/11/2016;16:29:00;57,074;BR-101/SC;Norte;Saida de Pista;1;1;;;;
17/11/2016;06:53:00;93,3;BR-116/PR;Sul;Tombamento;1;1;;;;
17/11/2016;08:01:00;615,001;BR-376/PR;Sul;Capotamento;1;1;1;;;
18/11/2016;09:52:00;11,39;BR-101/SC;Norte;Tombamento;1;1;;;;
18/11/2016;11:32:00;70,822;BR-101/SC;Norte;Tombamento;1;2;;;;
22/11/2016;22:38:00;95,4;BR-101/SC;Sul;Saida de Pista;1;1;;;;
23/11/2016;13:32:00;108,98;BR-116/PR;Norte;Saida de Pista;1;1;;;;
23/11/2016;18:28:00;4,5;BR-101/SC;Norte;Saida de Pista;1;2;;;;
24/11/2016;01:12:00;621,024;BR-376/PR;Norte;Tombamento;1;1;;;;
24/11/2016;23:20:00;142,001;BR-101/SC;Sul;Saida de Pista;1;1;;;;
25/11/2016;17:41:00;104,01;BR-101/SC;Norte;Saida de Pista;1;1;;;;
25/11/2016;18:14:00;679,5;BR-376/PR;Sul;Saida de Pista;1;1;;;;
25/11/2016;21:02:00;668,5;BR-376/PR;Sul;Tombamento;2;3;;1;;
26/11/2016;11:59:00;148,041;BR-101/SC;Norte;Tombamento;1;0;;;1;
27/11/2016;04:23:00;623,95;BR-376/PR;Norte;Saida de Pista;1;1;;;;
27/11/2016;19:08:00;657,201;BR-376/PR;Norte;Capotamento;1;3;;;;
28/11/2016;10:02:00;668,461;BR-376/PR;Sul;Tombamento;1;1;;;;
28/11/2016;15:28:00;174,795;BR-101/SC;Norte;Tombamento;1;1;;;;
29/11/2016;14:29:00;664,472;BR-376/PR;Norte;Saida de Pista;1;1;;;;
29/11/2016;18:16:00;659,793;BR-376/PR;Sul;Tombamento;1;1;;;;
30/11/2016;05:19:00;668,509;BR-376/PR;Sul;Tombamento;1;1;;;;
30/11/2016;11:39:00;32,085;BR-101/SC;Sul;Tombamento;1;1;;;;
01/10/2016;07:04:00;660,618;BR-376/PR;Norte;Saida de Pista;1;1;;;;
01/10/2016;09:38:00;126,75;BR-101/SC;Norte;Capotamento;1;1;;1;;
03/10/2016;03:56:00;95,101;BR-101/SC;Norte;Saida de Pista;1;1;;;;
03/10/2016;06:55:00;24,719;BR-101/SC;Sul;Saida de Pista;1;1;;;;
03/10/2016;07:32:00;44,419;BR-101/SC;Norte;Saida de Pista;1;1;1;;;
03/10/2016;10:31:00;116,6;BR-101/SC;Sul;Saida de Pista;1;1;;;;
03/10/2016;14:04:00;174,928;BR-101/SC;Norte;Saida de Pista;1;1;;;;
03/10/2016;14:46:00;629,526;BR-376/PR;Sul;Saida de Pista;1;0;1;;;
04/10/2016;00:37:00;114,4;BR-101/SC;Norte;Saida de Pista;1;1;;;;
04/10/2016;20:52:00;241,605;BR-101/SC;Sul;Saida de Pista;1;1;;;;
05/10/2016;17:54:00;667,6;BR-376/PR;Sul;Tombamento;1;1;;;;
06/10/2016;09:14:00;667,521;BR-376/PR;Sul;Tombamento;1;0;1;;;
06/10/2016;11:36:00;35,749;BR-101/SC;Norte;Tombamento;1;2;;;;
06/10/2016;18:46:00;128,9;BR-101/SC;Sul;Saida de Pista;1;1;;;;
07/10/2016;03:22:00;214,6;BR-101/SC;Sul;Saida de Pista;1;2;;;;
07/10/2016;19:20:00;660,288;BR-376/PR;Norte;Saida de Pista;1;1;2;;;
08/10/2016;11:20:00;675,268;BR-376/PR;Sul;Saida de Pista;1;1;;;;
11/10/2016;21:51:00;109,444;BR-116/PR;Norte;Saida de Pista;2;3;;;;
13/10/2016;06:24:00;153,084;BR-101/SC;Norte;Saida de Pista;1;1;;;;
13/10/2016;09:51:00;214,151;BR-101/SC;Sul;Saida de Pista;1;1;;;;
13/10/2016;10:23:00;210,3;BR-101/SC;Norte;Tombamento;1;1;;;;
14/10/2016;10:00:00;671,67;BR-376/PR;Sul;Saida de Pista;1;2;;;;
16/10/2016;11:18:00;665,001;BR-376/PR;Norte;Saida de Pista;1;2;;;;
16/10/2016;23:46:00;20,9;BR-101/SC;Norte;Saida de Pista;1;1;;;;
18/10/2016;19:41:00;673,2;BR-376/PR;Sul;Tombamento;1;1;;;;
20/10/2016;18:20:00;96,8;BR-116/PR;Sul;Tombamento;1;1;;;;
21/10/2016;09:21:00;671,7;BR-376/PR;Sul;Saida de Pista;1;1;;;;
21/10/2016;12:19:00;668,3;BR-376/PR;Sul;Saida de Pista;1;1;;;;
21/10/2016;16:45:00;109,001;BR-116/PR;Norte;Saida de Pista;1;1;1;;;
22/10/2016;01:53:00;664,944;BR-376/PR;Norte;Tombamento;1;1;;;;
22/10/2016;02:37:00;192,148;BR-101/SC;Norte;Tombamento;1;1;;;;
24/10/2016;17:11:00;681,001;BR-376/PR;Sul;Saida de Pista;1;1;;;;
25/10/2016;06:15:00;635,4;BR-376/PR;Norte;Saida de Pista;1;1;;;;
25/10/2016;10:17:00;85,484;BR-101/SC;Norte;Saida de Pista;1;1;;;;
25/10/2016;17:04:00;7,402;BR-101/SC;Norte;Saida de Pista;1;2;;;;
25/10/2016;17:29:00;664,8;BR-376/PR;Norte;Saida de Pista;1;2;;;;
26/10/2016;09:45:00;142,005;BR-101/SC;Sul;Saida de Pista;1;1;;;;
26/10/2016;12:11:00;180,454;BR-101/SC;Sul;Tombamento;1;2;;;;
26/10/2016;15:04:00;129,8;BR-101/SC;Norte;Saida de Pista;1;1;;;;
26/10/2016;21:32:00;5,479;BR-101/SC;Norte;Saida de Pista;1;1;;;;
26/10/2016;22:18:00;237,8;BR-101/SC;Norte;Tombamento;1;1;;;;
27/10/2016;00:53:00;0,4;BR-101/SC;Sul;Saida de Pista;1;1;;;;
27/10/2016;10:55:00;109,6;BR-116/PR;Sul;Tombamento;1;1;;;;
27/10/2016;16:42:00;662,3;BR-376/PR;Sul;Saida de Pista;1;0;;;1;
28/10/2016;05:33:00;666,188;BR-376/PR;Sul;Tombamento;1;1;;;;
28/10/2016;08:51:00;106,092;BR-116/PR;Norte;Tombamento;1;1;;;;
28/10/2016;10:40:00;660,001;BR-376/PR;Sul;Saida de Pista;1;1;;;;
28/10/2016;15:09:00;72,175;BR-101/SC;Sul;Tombamento;1;1;;;;
28/10/2016;16:52:00;57;BR-101/SC;Sul;Tombamento;1;1;;;;
31/10/2016;18:12:00;671,7;BR-376/PR;Sul;Saida de Pista;1;0;1;;;
31/10/2016;21:37:00;127,4;BR-101/SC;Sul;Saida de Pista;1;1;;1;;
02/09/2016;07:33:00;82,25;BR-116/PR;Sul;Tombamento;1;1;;;;
02/09/2016;11:51:00;41,001;BR-101/SC;Sul;Saida de Pista;2;2;;;;
02/09/2016;15:57:00;206,5;BR-101/SC;Norte;Saida de Pista;1;1;;;;
03/09/2016;16:19:00;232,001;BR-101/SC;Norte;Saida de Pista;1;1;;;;
03/09/2016;21:37:00;641,4;BR-376/PR;Sul;Tombamento;1;0;;1;;
04/09/2016;08:40:00;676,5;BR-376/PR;Norte;Tombamento;1;1;;;;
04/09/2016;12:12:00;671,15;BR-376/PR;Sul;Saida de Pista;1;1;;;;
04/09/2016;13:49:00;651,01;BR-376/PR;Sul;Capotamento;1;4;;;;
05/09/2016;04:20:00;82,7;BR-116/PR;Sul;Saida de Pista;1;1;;;;
06/09/2016;06:25:00;192,1;BR-101/SC;Norte;Tombamento;1;1;;;;
08/09/2016;11:50:00;671,65;BR-376/PR;Sul;Saida de Pista;1;3;;;;
09/09/2016;17:34:00;108,8;BR-116/PR;Sul;Saida de Pista;1;1;;;;
11/09/2016;20:55:00;671,7;BR-376/PR;Sul;Saida de Pista;1;1;;;;
12/09/2016;19:46:00;4,001;BR-101/SC;Norte;Saida de Pista;1;1;;;;
13/09/2016;11:23:00;122,2;BR-101/SC;Sul;Saida de Pista;1;3;;;;
14/09/2016;10:06:00;666,15;BR-376/PR;Sul;Saida de Pista;1;1;;;;
14/09/2016;10:59:00;133,001;BR-101/SC;Norte;Tombamento;1;1;;;;
14/09/2016;13:00:00;192,001;BR-101/SC;Norte;Tombamento;1;0;1;;;
14/09/2016;13:49:00;659,01;BR-376/PR;Sul;Tombamento;1;1;;;;
15/09/2016;12:35:00;105,01;BR-116/PR;Norte;Saida de Pista;1;1;;;;
16/09/2016;07:55:00;667,6;BR-376/PR;Sul;Tombamento;1;0;1;;;
17/09/2016;07:58:00;86,13;BR-116/PR;Sul;Tombamento;1;1;;;;
18/09/2016;10:34:00;668,669;BR-376/PR;Sul;Tombamento;1;1;1;;;
19/09/2016;18:05:00;669,001;BR-376/PR;Sul;Saida de Pista;1;1;;;;
28/09/2016;01:28:00;241,668;BR-101/SC;Sul;Tombamento;1;1;;;;
28/09/2016;06:39:00;114,579;BR-116/PR;Norte;Tombamento;1;1;1;;;
30/09/2016;04:07:00;663,799;BR-376/PR;Sul;Saida de Pista;1;1;;;;
30/09/2016;11:13:00;665,001;BR-376/PR;Sul;Saida de Pista;1;1;;;;
30/09/2016;13:57:00;665,001;BR-376/PR;Sul;Saida de Pista;1;2;;;;
01/12/2016;12:25:00;660,2;BR-376/PR;Sul;Saida de Pista;1;1;;;;
03/12/2016;12:03:00;627,001;BR-376/PR;Norte;Tombamento;1;2;;;;
03/12/2016;13:48:00;125,001;BR-101/SC;Sul;Saida de Pista;1;1;;;;
04/12/2016;13:12:00;664,7;BR-376/PR;Norte;Saida de Pista;1;1;;;;
04/12/2016;16:04:00;232,8;BR-101/SC;Sul;Saida de Pista;1;1;;;;
07/12/2016;11:53:00;673,25;BR-376/PR;Sul;Saida de Pista;1;1;;;;
08/12/2016;09:29:00;107,423;BR-101/SC;Sul;Tombamento;1;1;;;;
08/12/2016;14:54:00;657,912;BR-376/PR;Norte;Tombamento;1;1;;;;
09/12/2016;11:16:00;671,7;BR-376/PR;Sul;Saida de Pista;1;1;;;;
09/12/2016;17:54:00;101,813;BR-116/PR;Sul;Saida de Pista;1;1;;;;
10/12/2016;01:47:00;101,5;BR-116/PR;Sul;Saida de Pista;1;1;;;;
10/12/2016;10:43:00;156,108;BR-101/SC;Norte;Saida de Pista;1;3;;;;
11/12/2016;15:10:00;111,4;BR-101/SC;Norte;Saida de Pista;1;2;;;;
14/12/2016;07:41:00;101,8;BR-116/PR;Sul;Saida de Pista;1;1;;;;
14/12/2016;10:14:00;660,4;BR-376/PR;Norte;Saida de Pista;1;2;;;;
14/12/2016;13:27:00;665,137;BR-376/PR;Norte;Saida de Pista;1;1;;;;
15/12/2016;02:45:00;91,5;BR-116/PR;Norte;Tombamento;1;1;;;;
15/12/2016;22:55:00;158,001;BR-101/SC;Norte;Saida de Pista;1;1;1;;;
16/12/2016;14:48:00;204,872;BR-101/SC;Norte;Saida de Pista;1;1;;;;
16/12/2016;21:30:00;97,1;BR-101/SC;Sul;Saida de Pista;1;1;;;;
17/12/2016;06:17:00;672,1;BR-376/PR;Sul;Saida de Pista;1;1;;;;
19/12/2016;15:37:00;681,544;BR-376/PR;Norte;Saida de Pista;1;1;1;;;
19/12/2016;23:25:00;94,001;BR-116/PR;Sul;Saida de Pista;1;1;;1;;
20/12/2016;14:35:00;47,656;BR-101/SC;Norte;Saida de Pista;1;1;;;;
20/12/2016;15:30:00;120,9;BR-101/SC;Norte;Saida de Pista;1;1;;;;
20/12/2016;17:11:00;93,112;BR-101/SC;Norte;Tombamento;1;1;;;;
20/12/2016;20:55:00;198,3;BR-101/SC;Sul;Saida de Pista;1;1;;;;
21/12/2016;05:34:00;211,7;BR-101/SC;Norte;Saida de Pista;1;1;;;;
22/12/2016;15:39:00;671,7;BR-376/PR;Sul;Saida de Pista;1;1;;;;
23/12/2016;13:58:00;671,7;BR-376/PR;Sul;Saida de Pista;1;1;;;;
26/12/2016;09:20:00;102,295;BR-116/PR;Sul;Saida de Pista;1;1;;;;
26/12/2016;15:36:00;112,45;BR-101/SC;Norte;Saida de Pista;1;1;;;;
28/12/2016;10:17:00;679,001;BR-376/PR;Sul;Saida de Pista;1;1;;;;
29/12/2016;06:53:00;668,547;BR-376/PR;Sul;Tombamento;1;0;;;;1
29/12/2016;23:34:00;85,798;BR-101/SC;Norte;Tombamento;1;1;;;;
30/12/2016;14:30:00;664,3;BR-376/PR;Norte;Saida de Pista;1;1;;;;
01/01/2017;17:21:00;669,469;BR-376/PR;Sul;Saida de Pista;1;1;;;;
02/01/2017;01:08:00;106,5;BR-101/SC;Sul;Tombamento;1;0;;;;1
05/01/2017;03:31:00;114,853;BR-101/SC;Norte;Tombamento;1;2;;;;
05/01/2017;16:43:00;111,95;BR-116/PR;Norte;Saida de Pista;1;2;;;;
06/01/2017;11:05:00;3,528;BR-101/SC;Norte;Saida de Pista;1;2;;;;
09/01/2017;15:54:00;52,8;BR-101/SC;Norte;Saida de Pista;1;1;;;;
09/01/2017;18:34:00;73,231;BR-116/PR;Norte;Saida de Pista;1;1;;;;
10/01/2017;07:42:00;671,7;BR-376/PR;Sul;Saida de Pista;1;1;;;;
10/01/2017;18:59:00;167,985;BR-101/SC;Sul;Saida de Pista;1;1;;;;
11/01/2017;16:11:00;671,001;BR-376/PR;Sul;Saida de Pista;1;1;;;;
11/01/2017;18:43:00;668,5;BR-376/PR;Sul;Tombamento;1;1;;;;
12/01/2017;12:41:00;671,7;BR-376/PR;Sul;Saida de Pista;1;1;;;;
12/01/2017;15:55:00;663,765;BR-376/PR;Sul;Saida de Pista;1;2;;;;
12/01/2017;20:53:00;668,7;BR-376/PR;Sul;Tombamento;1;0;;;;1
14/01/2017;04:40:00;112,877;BR-116/PR;Norte;Saida de Pista;1;1;;;;
14/01/2017;11:27:00;671,7;BR-376/PR;Sul;Saida de Pista;1;1;;;;
16/01/2017;05:56:00;669,274;BR-376/PR;Sul;Saida de Pista;1;1;;;;
16/01/2017;14:33:00;653,001;BR-376/PR;Norte;Capotamento;1;1;;2;;
16/01/2017;16:45:00;33,276;BR-101/SC;Sul;Saida de Pista;1;1;;;;
17/01/2017;05:25:00;103,571;BR-116/PR;Norte;Tombamento;1;1;;;;
17/01/2017;07:02:00;671,7;BR-376/PR;Sul;Saida de Pista;1;1;;;;
17/01/2017;08:51:00;141,654;BR-101/SC;Sul;Tombamento;1;0;1;;;
17/01/2017;14:22:00;100,799;BR-116/PR;Sul;Saida de Pista;1;2;;;;
18/01/2017;13:52:00;671,7;BR-376/PR;Sul;Saida de Pista;1;1;;;;
18/01/2017;18:43:00;13,282;BR-101/SC;Sul;Saida de Pista;1;1;;;;
19/01/2017;06:44:00;664,135;BR-376/PR;Norte;Saida de Pista;1;1;;;;
19/01/2017;08:32:00;668,25;BR-376/PR;Sul;Saida de Pista;1;0;1;;;
20/01/2017;13:17:00;655,001;BR-376/PR;Norte;Tombamento;1;1;;;;
21/01/2017;06:46:00;627,3;BR-376/PR;Norte;Saida de Pista;1;1;;;;
21/01/2017;13:53:00;192,001;BR-101/SC;Norte;Tombamento;1;1;;;;
23/01/2017;07:24:00;671,7;BR-376/PR;Norte;Saida de Pista;1;1;;;;
23/01/2017;14:49:00;7,661;BR-101/SC;Norte;Capotamento;1;1;1;;;
24/01/2017;10:37:00;24,21;BR-101/SC;Sul;Capotamento;1;2;;;;
25/01/2017;15:47:00;105,3;BR-116/PR;Sul;Tombamento;1;1;;;;
25/01/2017;17:25:00;653,081;BR-376/PR;Norte;Saida de Pista;1;1;;;;
27/01/2017;08:18:00;671,7;BR-376/PR;Sul;Saida de Pista;1;1;;;;
27/01/2017;08:43:00;222,9;BR-101/SC;Sul;Saida de Pista;1;1;;;;
27/01/2017;18:30:00;108,001;BR-116/PR;Sul;Saida de Pista;1;1;;;;
27/01/2017;19:14:00;103,001;BR-101/SC;Norte;Saida de Pista;1;1;;;;
28/01/2017;02:40:00;23,7;BR-101/SC;Sul;Saida de Pista;1;1;;;;
30/01/2017;06:53:00;630,5;BR-376/PR;Sul;Saida de Pista;1;1;;;;
30/01/2017;07:22:00;665,933;BR-376/PR;Sul;Tombamento;1;1;;;;
31/01/2017;08:41:00;668,502;BR-376/PR;Sul;Saida de Pista;1;1;;;;
02/02/2017;05:26:00;647,3;BR-376/PR;Norte;Tombamento;1;1;1;;;
02/02/2017;20:57:00;99,001;BR-101/SC;Norte;Tombamento;1;1;;;;
03/02/2017;14:43:00;107,1;BR-116/PR;Norte;Saida de Pista;1;1;;;;
03/02/2017;17:42:00;668,32;BR-376/PR;Sul;Tombamento;1;1;;;;
04/02/2017;15:00:00;679,4;BR-376/PR;Sul;Saida de Pista;1;2;1;;;
05/02/2017;18:59:00;671,8;BR-376/PR;Sul;Saida de Pista;2;2;;;;
06/02/2017;05:49:00;671,7;BR-376/PR;Sul;Saida de Pista;1;1;;;;
06/02/2017;15:57:00;102,2;BR-116/PR;Sul;Tombamento;1;1;1;;;
07/02/2017;02:35:00;644,855;BR-376/PR;Sul;Tombamento;1;1;;;;
09/02/2017;09:56:00;158,958;BR-101/SC;Norte;Saida de Pista;2;2;1;;;
10/02/2017;06:30:00;615,761;BR-376/PR;Sul;Saida de Pista;1;1;;;;
10/02/2017;06:50:00;93,216;BR-116/PR;Norte;Tombamento;1;3;;;;
10/02/2017;07:43:00;108,535;BR-116/PR;Sul;Saida de Pista;1;1;;;;
11/02/2017;23:12:00;203,8;BR-101/SC;Norte;Saida de Pista;1;2;;;;
12/02/2017;05:30:00;671,7;BR-376/PR;Sul;Saida de Pista;1;1;;;;
14/02/2017;00:03:00;641,623;BR-376/PR;Sul;Saida de Pista;1;1;;;;
14/02/2017;01:12:00;84,082;BR-116/PR;Norte;Tombamento;1;1;;;;
14/02/2017;15:07:00;15,001;BR-101/SC;Norte;Saida de Pista;1;2;;;;
18/02/2017;19:46:00;650,02;BR-376/PR;Norte;Capotamento;1;1;2;;;
21/02/2017;10:38:00;671,7;BR-376/PR;Sul;Saida de Pista;1;1;;;;
21/02/2017;12:52:00;666,12;BR-376/PR;Norte;Capotamento;1;3;;;;
22/02/2017;09:14:00;627,001;BR-376/PR;Norte;Tombamento;1;2;;;;
23/02/2017;06:54:00;59,05;BR-101/SC;Sul;Tombamento;2;2;;;;
23/02/2017;07:17:00;626,628;BR-376/PR;Sul;Tombamento;1;1;;;;
24/02/2017;13:44:00;679,5;BR-376/PR;Sul;Tombamento;1;1;;;;
25/02/2017;09:06:00;676,2;BR-376/PR;Sul;Saida de Pista;1;2;;;;
28/02/2017;22:52:00;87,5;BR-116/PR;Sul;Saida de Pista;1;3;;;;
02/03/2017;17:02:00;33,55;BR-101/SC;Norte;Tombamento;1;1;1;;;
03/03/2017;01:14:00;160,001;BR-101/SC;Norte;Saida de Pista;1;1;;;;
04/03/2017;03:08:00;29,4;BR-101/SC;Sul;Tombamento;1;0;1;;;
07/03/2017;14:58:00;15,1;BR-101/SC;Norte;Saida de Pista;1;2;1;;;
07/03/2017;18:10:00;73,3;BR-116/PR;Sul;Tombamento;1;1;;;;
10/03/2017;19:37:00;110,245;BR-116/PR;Sul;Saida de Pista;1;1;;;;
15/03/2017;19:21:00;48,5;BR-101/SC;Norte;Saida de Pista;1;1;;;;
16/03/2017;18:22:00;26,78;BR-101/SC;Sul;Saida de Pista;1;1;;;;
18/03/2017;13:48:00;671,7;BR-376/PR;Sul;Saida de Pista;1;1;;;;
21/03/2017;04:40:00;635,4;BR-376/PR;Norte;Saida de Pista;1;1;;;;
21/03/2017;09:13:00;100,2;BR-116/PR;Sul;Saida de Pista;1;1;;;;
21/03/2017;22:39:00;665,001;BR-376/PR;Sul;Saida de Pista;1;1;;;;
22/03/2017;01:35:00;639,2;BR-376/PR;Norte;Saida de Pista;1;1;;;;
22/03/2017;06:38:00;117,708;BR-101/SC;Norte;Tombamento;1;1;1;;;
22/03/2017;13:11:00;664,6;BR-376/PR;Norte;Saida de Pista;1;1;;;;
23/03/2017;06:14:00;14,9;BR-101/SC;Sul;Saida de Pista;1;1;;;;
25/03/2017;12:44:00;96,5;BR-101/SC;Sul;Capotamento;1;2;1;;;
27/03/2017;14:58:00;32,6;BR-101/SC;Sul;Saida de Pista;1;2;;;;
28/03/2017;15:11:00;151,001;BR-101/SC;Sul;Saida de Pista;1;1;;;;
28/03/2017;16:03:00;175,05;BR-101/SC;Norte;Tombamento;1;0;2;;;
29/03/2017;01:55:00;111,682;BR-116/PR;Sul;Saida de Pista;1;0;;1;;
30/03/2017;07:07:00;665,069;BR-376/PR;Norte;Tombamento;1;1;;;;
30/03/2017;21:22:00;617,1;BR-376/PR;Sul;Saida de Pista;1;1;1;;;
31/03/2017;12:47:00;80,001;BR-101/SC;Sul;Saida de Pista;1;1;;;;
01/04/2017;08:04:00;111,742;BR-116/PR;Sul;Saida de Pista;1;1;;;;
01/04/2017;09:32:00;106,935;BR-116/PR;Sul;Saida de Pista;1;2;;;;
03/04/2017;19:21:00;174,9;BR-101/SC;Norte;Tombamento;1;1;;;;
05/04/2017;14:42:00;671,7;BR-376/PR;Sul;Saida de Pista;1;1;;;;
05/04/2017;18:40:00;133,001;BR-101/SC;Sul;Capotamento;1;3;2;;;
06/04/2017;14:07:00;100,8;BR-116/PR;Sul;Saida de Pista;1;1;;;;
06/04/2017;15:00:00;5,05;BR-101/SC;Norte;Saida de Pista;1;2;;;;
06/04/2017;15:40:00;100,8;BR-116/PR;Sul;Saida de Pista;1;2;;;;
10/04/2017;07:03:00;21,22;BR-101/SC;Sul;Tombamento;1;1;;;;
10/04/2017;09:45:00;667,536;BR-376/PR;Sul;Tombamento;1;2;;;1;
11/04/2017;02:06:00;22,9;BR-101/SC;Norte;Saida de Pista;1;1;;;;
12/04/2017;18:37:00;38,9;BR-101/SC;Sul;Saida de Pista;1;1;;;;
12/04/2017;23:23:00;87,723;BR-116/PR;Norte;Tombamento;1;0;;1;;
13/04/2017;00:54:00;5,9;BR-101/SC;Norte;Saida de Pista;1;1;;;;
13/04/2017;04:24:00;666,493;BR-376/PR;Norte;Saida de Pista;1;2;;;;
13/04/2017;10:23:00;111,47;BR-116/PR;Sul;Saida de Pista;1;0;1;;;
14/04/2017;11:16:00;667,624;BR-376/PR;Sul;Capotamento;1;0;;1;;
19/04/2017;08:23:00;14,895;BR-101/SC;Norte;Saida de Pista;1;1;;;;
20/04/2017;08:52:00;669,243;BR-376/PR;Sul;Saida de Pista;1;1;;;;
20/04/2017;16:59:00;671,7;BR-376/PR;Sul;Saida de Pista;1;1;;;;
24/04/2017;07:32:00;17,067;BR-101/SC;Sul;Saida de Pista;1;1;;;;
26/04/2017;05:12:00;232,7;BR-101/SC;Sul;Saida de Pista;1;1;;;;
26/04/2017;09:32:00;4,3;BR-101/SC;Norte;Saida de Pista;1;1;;;;
26/04/2017;11:44:00;175,001;BR-101/SC;Norte;Tombamento;1;1;;;;
27/04/2017;03:03:00;26,7;BR-101/SC;Sul;Tombamento;1;0;;1;;
27/04/2017;05:05:00;83,001;BR-116/PR;Sul;Saida de Pista;1;1;;;;
27/04/2017;12:35:00;665,5;BR-376/PR;Sul;Saida de Pista;1;0;1;;;
27/04/2017;13:37:00;661,22;BR-376/PR;Sul;Saida de Pista;1;1;;;;
29/04/2017;11:57:00;130,265;BR-101/SC;Sul;Saida de Pista;1;1;;;;
29/04/2017;15:21:00;111,001;BR-116/PR;Norte;Saida de Pista;1;1;;;;
01/05/2017;02:59:00;136,235;BR-101/SC;Norte;Tombamento;1;1;1;;;
02/05/2017;14:41:00;140,714;BR-101/SC;Sul;Saida de Pista;1;1;;;;
04/05/2017;18:14:00;668,4;BR-376/PR;Norte;Saida de Pista;1;1;;;;
05/05/2017;09:37:00;117,2;BR-101/SC;Norte;Tombamento;1;2;;;;
05/05/2017;19:39:00;15,5;BR-101/SC;Sul;Tombamento;1;1;;;;
08/05/2017;08:53:00;672,831;BR-376/PR;Sul;Saida de Pista;1;1;;;;
08/05/2017;12:00:00;93,043;BR-116/PR;Sul;Tombamento;1;0;1;;;
09/05/2017;17:32:00;628,106;BR-376/PR;Sul;Saida de Pista;1;1;;;;
12/05/2017;00:52:00;165,5;BR-101/SC;Norte;Saida de Pista;1;1;;;;
15/05/2017;02:17:00;123,828;BR-101/SC;Norte;Saida de Pista;1;1;;;;
15/05/2017;06:38:00;81,669;BR-116/PR;Sul;Tombamento;1;1;;;;
15/05/2017;21:50:00;671,7;BR-376/PR;Sul;Saida de Pista;1;1;;;;
17/05/2017;08:50:00;679,502;BR-376/PR;Sul;Tombamento;1;1;;;;
18/05/2017;03:36:00;664,632;BR-376/PR;Sul;Tombamento;1;1;;;;
18/05/2017;15:16:00;94,2;BR-116/PR;Sul;Saida de Pista;1;1;;;;
18/05/2017;20:11:00;242,304;BR-101/SC;Sul;Tombamento;1;1;;;;
18/05/2017;23:08:00;629,8;BR-376/PR;Norte;Tombamento;1;1;;;;
19/05/2017;06:43:00;108,774;BR-116/PR;Norte;Saida de Pista;1;1;;;;
19/05/2017;08:57:00;100,08;BR-116/PR;Sul;Saida de Pista;1;1;;;;
19/05/2017;13:12:00;190,001;BR-101/SC;Norte;Saida de Pista;1;4;1;;;
19/05/2017;13:55:00;191,9;BR-101/SC;Sul;Saida de Pista;1;1;;;;
21/05/2017;23:39:00;53,3;BR-101/SC;Norte;Tombamento;1;0;1;;;
22/05/2017;19:47:00;667,633;BR-376/PR;Sul;Tombamento;1;1;;;;
23/05/2017;15:54:00;106,001;BR-116/PR;Sul;Saida de Pista;1;1;;;;
23/05/2017;16:16:00;671,001;BR-376/PR;Sul;Saida de Pista;1;1;;;;
25/05/2017;03:48:00;91,699;BR-116/PR;Sul;Tombamento;1;1;;;;
27/05/2017;06:27:00;113,75;BR-101/SC;Sul;Saida de Pista;1;0;;1;;
27/05/2017;13:15:00;667,6;BR-376/PR;Sul;Saida de Pista;1;1;;;;
28/05/2017;20:33:00;667,001;BR-376/PR;Norte;Saida de Pista;1;3;;;;
29/05/2017;20:53:00;46,828;BR-101/SC;Norte;Saida de Pista;1;1;;;;
30/05/2017;00:53:00;640,544;BR-376/PR;Norte;Saida de Pista;1;1;;;;
30/05/2017;11:28:00;14,7;BR-101/SC;Norte;Saida de Pista;1;1;;;;
31/05/2017;17:20:00;46,3;BR-101/SC;Norte;Saida de Pista;1;1;;;;
31/05/2017;19:31:00;53,001;BR-101/SC;Sul;Saida de Pista;1;1;;;;
31/05/2017;18:25:00;45,8;BR-101/SC;Sul;Saida de Pista;1;1;;;;
02/06/2017;01:04:00;236,6;BR-101/SC;Sul;Tombamento;1;1;;;;
02/06/2017;14:56:00;106,333;BR-116/PR;Sul;Tombamento;1;1;;;;