data;horario;km;trecho;sentido;tipo_de_acidente;caminhao;ilesos;levemente_feridos;moderadamente_feridos;gravemente_feridos;mortos
03/06/2017;17:51:00;666,5;BR-376/PR;Sul;Saida de Pista;1;1;;;;
06/06/2017;12:31:00;660,498;BR-376/PR;Sul;Saida de Pista;1;1;;;;
06/06/2017;22:04:00;632,2;BR-376/PR;Norte;Saida de Pista;1;1;;;;
07/06/2017;11:49:00;4,337;BR-101/SC;Sul;Saida de Pista;2;4;;;;
08/06/2017;00:45:00;124,6;BR-101/SC;Sul;Saida de Pista;1;1;;;;
08/06/2017;23:18:00;73,5;BR-101/SC;Sul;Saida de Pista;1;1;;;;
12/06/2017;04:19:00;191,15;BR-101/SC;Sul;Saida de Pista;1;1;;;;
12/06/2017;08:03:00;671,7;BR-376/PR;Sul;Saida de Pista;1;1;;;;
12/06/2017;14:37:00;88,1;BR-116/PR;Norte;Tombamento;1;1;;;;
13/06/2017;09:42:00;671,7;BR-376/PR;Sul;Saida de Pista;1;2;;;;
14/06/2017;04:45:00;83,021;BR-116/PR;Norte;Saida de Pista;1;1;;;;
14/06/2017;13:18:00;52,066;BR-101/SC;Sul;Tombamento;2;3;;;;
15/06/2017;21:56:00;140,001;BR-101/SC;Sul;Saida de Pista;1;1;;;;
16/06/2017;11:50:00;98,721;BR-101/SC;Sul;Tombamento;1;1;;;;
17/06/2017;07:57:00;6,203;BR-101/SC;Sul;Tombamento;1;0;1;;;
18/06/2017;17:06:00;671,7;BR-376/PR;Sul;Saida de Pista;1;1;;;;
18/06/2017;22:19:00;193,001;BR-101/SC;Sul;Tombamento;1;1;;;;
19/06/2017;20:05:00;628,001;BR-376/PR;Norte;Tombamento;1;0;1;;;
19/06/2017;20:22:00;108,6;BR-116/PR;Sul;Saida de Pista;1;1;;;;
20/06/2017;21:10:00;117,5;BR-101/SC;Sul;Saida de Pista;1;1;;;;
23/06/2017;05:20:00;676,617;BR-376/PR;Norte;Tombamento;1;0;1;;;
23/06/2017;12:54:00;114,295;BR-116/PR;Norte;Saida de Pista;1;4;;;;
24/06/2017;10:41:00;668,549;BR-376/PR;Sul;Tombamento;1;0;1;;;
27/06/2017;18:07:00;654,001;BR-376/PR;Norte;Saida de Pista;1;1;;;;
28/06/2017;06:05:00;638,05;BR-376/PR;Norte;Tombamento;1;1;;;;1
28/06/2017;11:18:00;114,043;BR-101/SC;Sul;Tombamento;1;2;;;;
29/06/2017;17:59:00;128,522;BR-101/SC;Sul;Saida de Pista;1;1;;;;
02/07/2017;03:17:00;664,992;BR-376/PR;Norte;Saida de Pista;1;1;1;;;
02/07/2017;18:53:00;99,3;BR-116/PR;Norte;Saida de Pista;1;1;;;;
05/07/2017;04:03:00;77,5;BR-101/SC;Sul;Tombamento;1;1;;;;
05/07/2017;14:38:00;208,1;BR-101/SC;Norte;Capotamento;1;1;1;;;
06/07/2017;16:52:00;665,05;BR-376/PR;Sul;Saida de Pista;1;1;;;;
09/07/2017;05:07:00;39,8;BR-101/SC;Sul;Saida de Pista;1;1;;;;
09/07/2017;11:19:00;668,503;BR-376/PR;Sul;Tombamento;1;0;1;;;
10/07/2017;02:54:00;98,7;BR-116/PR;Norte;Tombamento;1;1;;;;
10/07/2017;17:50:00;667,8;BR-376/PR;Sul;Saida de Pista;1;1;;;;
13/07/2017;06:19:00;667,713;BR-376/PR;Sul;Tombamento;2;1;1;;;
13/07/2017;18:41:00;57,001;BR-101/SC;Sul;Capotamento;1;2;1;;;
16/07/2017;12:29:00;113,5;BR-116/PR;Sul;Saida de Pista;1;1;;;;
17/07/2017;21:28:00;671,7;BR-376/PR;Sul;Saida de Pista;1;1;;;;
18/07/2017;23:01:00;658,001;BR-376/PR;Norte;Saida de Pista;1;1;;;;
20/07/2017;16:00:12;674,313;BR-376/PR;Sul;Tombamento;1;2;;;;
21/07/2017;16:39:00;55,4;BR-101/SC;Norte;Saida de Pista;1;1;;;;
26/07/2017;00:12:00;668,4;BR-376/PR;Sul;Saida de Pista;1;1;;;;
26/07/2017;01:32:00;107,001;BR-116/PR;Norte;Saida de Pista;1;1;;;;
26/07/2017;08:26:00;33,331;BR-101/SC;Sul;Saida de Pista;1;1;;;;
27/07/2017;18:45:00;9,888;BR-101/SC;Sul;Tombamento;1;1;;;;
01/08/2017;17:06:00;638,8;BR-376/PR;Sul;Saida de Pista;1;1;;;;
02/08/2017;22:27:17;616,95;BR-376/PR;Sul;Saida de Pista;1;1;;;;
03/08/2017;04:55:00;114,4;BR-101/SC;Norte;Saida de Pista;1;1;;;;
05/08/2017;02:49:00;84,001;BR-116/PR;Sul;Saida de Pista;1;1;;;;
05/08/2017;10:40:00;72,475;BR-116/PR;Norte;Saida de Pista;1;2;2;;;
05/08/2017;11:20:00;654,877;BR-376/PR;Norte;Tombamento;1;1;;;;
05/08/2017;16:03:00;671,2;BR-376/PR;Sul;Saida de Pista;1;2;;;;
05/08/2017;17:04:00;153,001;BR-101/SC;Norte;Tombamento;1;2;;;;
06/08/2017;01:36:00;79,8;BR-116/PR;Norte;Saida de Pista;1;1;;;;
08/08/2017;12:42:00;165,571;BR-101/SC;Sul;Tombamento;1;1;;;;
10/08/2017;17:04:00;665,8;BR-376/PR;Sul;Saida de Pista;1;2;;;;
10/08/2017;22:57:00;629,101;BR-376/PR;Sul;Capotamento;1;2;;;1;
11/08/2017;03:46:00;184,7;BR-101/SC;Norte;Tombamento;1;1;;;;
12/08/2017;09:11:00;114,781;BR-116/PR;Norte;Tombamento;1;1;;;;
15/08/2017;03:13:00;75,85;BR-116/PR;Sul;Saida de Pista;1;1;;;;
15/08/2017;14:21:00;80,001;BR-116/PR;Sul;Tombamento;1;2;;;;
16/08/2017;18:03:00;107,001;BR-116/PR;Sul;Saida de Pista;1;1;;;;
17/08/2017;00:29:00;162,287;BR-101/SC;Norte;Tombamento;1;1;;;;
17/08/2017;08:05:00;109,35;BR-116/PR;Norte;Tombamento;1;1;;1;;
20/08/2017;00:09:00;671,7;BR-376/PR;Sul;Saida de Pista;1;1;;;;
20/08/2017;16:07:00;671,6;BR-376/PR;Sul;Saida de Pista;1;1;;;;
21/08/2017;05:47:00;656,175;BR-376/PR;Norte;Tombamento;1;0;1;;;
22/08/2017;00:30:00;74,5;BR-116/PR;Sul;Saida de Pista;1;2;;;;
23/08/2017;07:50:00;668,703;BR-376/PR;Sul;Tombamento;1;1;;;;
24/08/2017;13:54:00;88,326;BR-101/SC;Sul;Capotamento;1;2;;;;
26/08/2017;04:33:00;72,717;BR-101/SC;Sul;Capotamento;1;3;;;;
28/08/2017;07:35:00;81,202;BR-116/PR;Norte;Saida de Pista;1;1;;;;
28/08/2017;08:20:00;668,024;BR-376/PR;Sul;Tombamento;1;1;;;;
29/08/2017;03:48:00;116,23;BR-101/SC;Sul;Tombamento;1;1;;;;
02/09/2017;06:52:00;163,951;BR-101/SC;Sul;Tombamento;1;3;;;;
02/09/2017;12:12:00;671,7;BR-376/PR;Sul;Saida de Pista;1;1;;;;
03/09/2017;18:10:00;635,001;BR-376/PR;Norte;Capotamento;1;6;;;;
05/09/2017;08:20:00;671,7;BR-376/PR;Sul;Saida de Pista;1;1;;;;
05/09/2017;20:53:00;630,176;BR-376/PR;Norte;Tombamento;1;1;;;;
08/09/2017;06:29:00;120,431;BR-101/SC;Norte;Capotamento;1;3;1;;;
08/09/2017;11:49:00;159,3;BR-101/SC;Sul;Saida de Pista;1;1;;;;
09/09/2017;12:39:00;667,6;BR-376/PR;Sul;Tombamento;1;3;;;;
14/09/2017;16:58:00;667,8;BR-376/PR;Sul;Tombamento;1;1;1;;;
14/09/2017;22:42:00;170,26;BR-101/SC;Norte;Saida de Pista;1;2;;;;
15/09/2017;01:35:00;232,6;BR-101/SC;Sul;Tombamento;1;1;;;;
16/09/2017;12:44:00;95,001;BR-116/PR;Sul;Saida de Pista;1;1;;;;
16/09/2017;16:46:00;92,539;BR-116/PR;Sul;Tombamento;2;2;;;;
17/09/2017;16:30:00;650,86;BR-376/PR;Sul;Tombamento;1;1;;;;
19/09/2017;19:56:00;617,001;BR-376/PR;Norte;Saida de Pista;1;2;;;;
20/09/2017;11:01:00;643,411;BR-376/PR;Sul;Saida de Pista;1;1;;;;
22/09/2017;08:15:00;673,001;BR-376/PR;Sul;Saida de Pista;1;1;;;;
22/09/2017;14:44:00;124,109;BR-101/SC;Sul;Tombamento;1;1;;;;
22/09/2017;16:00:00;111,8;BR-116/PR;Sul;Saida de Pista;1;1;;;;
25/09/2017;13:43:00;37,279;BR-101/SC;Sul;Tombamento;1;2;;;;
26/09/2017;05:11:00;668,49;BR-376/PR;Sul;Tombamento;1;1;;;;
28/09/2017;18:24:00;52,522;BR-101/SC;Norte;Tombamento;1;1;;;;
29/09/2017;22:21:00;112,1;BR-101/SC;Norte;Saida de Pista;1;1;;;;
30/09/2017;01:07:00;70,9;BR-101/SC;Sul;Saida de Pista;1;1;;;;
30/09/2017;12:08:00;668,597;BR-376/PR;Sul;Tombamento;1;1;;;;
05/10/2017;09:58:00;165,2;BR-101/SC;Norte;Saida de Pista;1;1;;;;
06/10/2017;04:05:00;1,8;BR-101/SC;Sul;Saida de Pista;1;1;;;;
06/10/2017;04:36:00;241,142;BR-101/SC;Sul;Saida de Pista;1;1;;;;
06/10/2017;16:45:00;59,981;BR-101/SC;Sul;Saida de Pista;1;0;;;1;
06/10/2017;17:16:00;175,001;BR-101/SC;Norte;Saida de Pista;1;1;;;;
07/10/2017;16:49:00;234,247;BR-101/SC;Sul;Saida de Pista;1;0;;1;;
08/10/2017;06:49:00;95,091;BR-116/PR;Norte;Saida de Pista;1;1;;;;
09/10/2017;06:51:00;99,452;BR-101/SC;Sul;Saida de Pista;1;2;;;;
10/10/2017;16:40:00;665,5;BR-376/PR;Sul;Saida de Pista;1;1;;;;
11/10/2017;13:37:00;122,85;BR-101/SC;Sul;Saida de Pista;1;0;1;;;
11/10/2017;18:23:00;102,4;BR-116/PR;Sul;Saida de Pista;1;1;;;;
11/10/2017;21:34:00;666,2;BR-376/PR;Sul;Tombamento;2;1;2;;;
13/10/2017;00:05:00;175,112;BR-101/SC;Norte;Saida de Pista;1;1;;;;
13/10/2017;00:09:00;121,366;BR-101/SC;Sul;Tombamento;1;2;;;;
13/10/2017;08:05:00;668,603;BR-376/PR;Sul;Tombamento;1;1;;;;
14/10/2017;18:28:00;105,457;BR-116/PR;Sul;Saida de Pista;1;2;;;;
15/10/2017;07:58:00;670,602;BR-376/PR;Norte;Saida de Pista;1;1;;;;
15/10/2017;11:42:00;20,958;BR-101/SC;Norte;Saida de Pista;1;0;2;;;
17/10/2017;00:20:00;655,113;BR-376/PR;Norte;Tombamento;1;1;;;;
17/10/2017;01:03:00;228,3;BR-101/SC;Sul;Tombamento;1;1;;;;
17/10/2017;12:14:00;114,551;BR-116/PR;Sul;Saida de Pista;1;1;;;;
18/10/2017;15:26:00;144,4;BR-101/SC;Sul;Saida de Pista;1;2;;;;
20/10/2017;04:50:00;3,731;BR-101/SC;Norte;Tombamento;2;2;;1;;
21/10/2017;12:00:00;120,964;BR-101/SC;Norte;Saida de Pista;1;0;;1;;
22/10/2017;14:00:00;671,7;BR-376/PR;Sul;Saida de Pista;1;1;;;;
23/10/2017;11:30:00;88,424;BR-116/PR;Sul;Saida de Pista;1;1;;;;
23/10/2017;18:26:00;107,509;BR-116/PR;Norte;Saida de Pista;1;2;;;;
24/10/2017;14:53:00;77,249;BR-101/SC;Norte;Saida de Pista;1;1;;;;
24/10/2017;17:39:00;668,42;BR-376/PR;Sul;Tombamento;2;2;;;1;
25/10/2017;13:24:00;673,2;BR-376/PR;Sul;Saida de Pista;1;2;;;;
25/10/2017;13:42:00;189,849;BR-101/SC;Norte;Saida de Pista;1;1;;;;
25/10/2017;13:55:00;189,849;BR-101/SC;Sul;Saida de Pista;1;1;;;;
26/10/2017;10:58:00;671,7;BR-376/PR;Sul;Saida de Pista;1;1;;;;
26/10/2017;11:58:00;671,75;BR-376/PR;Sul;Saida de Pista;1;1;;;;
26/10/2017;14:55:00;151,001;BR-101/SC;Sul;Tombamento;1;1;;;;
27/10/2017;07:49:00;659,75;BR-376/PR;Sul;Saida de Pista;1;1;;;;
27/10/2017;09:23:00;68,315;BR-101/SC;Sul;Saida de Pista;1;1;;;;
28/10/2017;08:58:00;114,6;BR-116/PR;Sul;Saida de Pista;1;1;;;;
28/10/2017;12:29:00;94,101;BR-116/PR;Norte;Capotamento;1;2;;;;
29/10/2017;22:01:00;643,8;BR-376/PR;Norte;Saida de Pista;1;1;;;;
31/10/2017;16:03:00;677,1;BR-376/PR;Sul;Saida de Pista;1;2;;;;
31/10/2017;20:13:00;162,307;BR-101/SC;Sul;Tombamento;1;1;;;;
01/11/2017;07:27:00;671,7;BR-376/PR;Sul;Saida de Pista;1;0;1;;;
01/11/2017;08:13:00;112,357;BR-116/PR;Norte;Saida de Pista;1;1;;;;
01/11/2017;15:37:00;107,001;BR-116/PR;Sul;Saida de Pista;1;1;;;;
02/11/2017;00:51:04;112,389;BR-101/SC;Norte;Saida de Pista;1;2;;;;
02/11/2017;20:28:00;56,314;BR-101/SC;Norte;Saida de Pista;1;2;;;;
03/11/2017;06:48:00;621,804;BR-376/PR;Norte;Tombamento;1;0;1;;;
03/11/2017;17:38:00;102,001;BR-116/PR;Sul;Saida de Pista;1;2;;;;
04/11/2017;05:21:00;671,7;BR-376/PR;Sul;Saida de Pista;1;1;;;;
04/11/2017;13:43:00;33,191;BR-101/SC;Sul;Tombamento;1;1;;;;
07/11/2017;02:08:00;93,988;BR-116/PR;Sul;Saida de Pista;1;1;;;;
07/11/2017;10:16:00;25,38;BR-101/SC;Norte;Saida de Pista;1;1;;;;
08/11/2017;05:53:00;616,272;BR-376/PR;Norte;Tombamento;1;1;;;;
08/11/2017;18:06:00;101,574;BR-101/SC;Norte;Tombamento;1;1;;;;
10/11/2017;10:10:00;107,46;BR-116/PR;Sul;Saida de Pista;1;1;;;;
10/11/2017;15:23:00;646,169;BR-376/PR;Sul;Saida de Pista;1;1;;;;
10/11/2017;16:31:00;112,8;BR-116/PR;Sul;Tombamento;1;1;;;;
10/11/2017;17:29:00;614,6;BR-376/PR;Sul;Saida de Pista;1;1;;;;
11/11/2017;08:33:00;671,7;BR-376/PR;Sul;Saida de Pista;1;1;;;;
11/11/2017;17:49:00;667,001;BR-376/PR;Sul;Saida de Pista;1;1;;;;
13/11/2017;15:12:00;671,685;BR-376/PR;Sul;Saida de Pista;1;1;;;;
13/11/2017;19:21:00;115,001;BR-116/PR;Sul;Tombamento;1;2;;;;
13/11/2017;23:52:00;634,457;BR-376/PR;Norte;Saida de Pista;1;1;;;;
15/11/2017;13:05:00;624,118;BR-376/PR;Norte;Saida de Pista;1;1;;;;
16/11/2017;09:55:00;163,258;BR-101/SC;Norte;Saida de Pista;1;1;;;;
17/11/2017;01:45:00;83,116;BR-116/PR;Sul;Saida de Pista;1;1;;;;
18/11/2017;06:14:00;652,547;BR-376/PR;Norte;Tombamento;1;0;;1;;
18/11/2017;09:46:00;77,8;BR-101/SC;Sul;Saida de Pista;1;1;;;;
21/11/2017;14:39:00;664,8;BR-376/PR;Sul;Saida de Pista;1;1;;;;
21/11/2017;15:48:00;671,7;BR-376/PR;Sul;Saida de Pista;1;1;;;;
22/11/2017;18:09:00;674,1;BR-376/PR;Norte;Saida de Pista;1;2;;;;
23/11/2017;18:10:00;675,179;BR-376/PR;Norte;Saida de Pista;1;1;;;;
25/11/2017;09:02:00;675,9;BR-376/PR;Sul;Saida de Pista;1;1;;;;
25/11/2017;09:42:00;102,17;BR-116/PR;Sul;Saida de Pista;1;1;;;;
26/11/2017;07:24:00;668,545;BR-376/PR;Sul;Tombamento;1;1;;;;
27/11/2017;15:54:00;673,721;BR-376/PR;Sul;Saida de Pista;1;1;;;;
28/11/2017;14:07:00;664,532;BR-376/PR;Sul;Saida de Pista;1;1;;;;
28/11/2017;14:38:00;191,094;BR-101/SC;Norte;Tombamento;1;0;;1;;
29/11/2017;07:52:00;108,7;BR-116/PR;Norte;Saida de Pista;1;2;;;;
29/11/2017;15:00:00;199,4;BR-101/SC;Sul;Capotamento;1;2;;;;
30/11/2017;19:08:00;104,3;BR-116/PR;Norte;Saida de Pista;1;0;1;;;
03/12/2017;08:51:00;52,229;BR-101/SC;Sul;Saida de Pista;1;1;;;;
03/12/2017;14:10:00;97,3;BR-116/PR;Sul;Saida de Pista;1;1;;;;
04/12/2017;01:02:00;671,7;BR-376/PR;Sul;Saida de Pista;1;1;;;;
04/12/2017;11:52:00;77,799;BR-101/SC;Sul;Capotamento;1;1;1;;;
04/12/2017;18:31:00;21,122;BR-101/SC;Sul;Tombamento;1;0;1;;;
04/12/2017;19:06:00;13,4;BR-101/SC;Norte;Saida de Pista;1;1;;;;
05/12/2017;06:26:00;111,461;BR-101/SC;Norte;Tombamento;1;0;1;;;
05/12/2017;18:29:00;665,01;BR-376/PR;Sul;Saida de Pista;1;1;;;;
06/12/2017;05:42:00;635,5;BR-376/PR;Norte;Saida de Pista;1;1;;;;
06/12/2017;06:05:00;121,489;BR-101/SC;Sul;Saida de Pista;1;1;1;;;
06/12/2017;15:33:00;122,2;BR-101/SC;Norte;Saida de Pista;1;1;;;;
07/12/2017;02:05:00;679,979;BR-376/PR;Sul;Saida de Pista;1;1;;;;
10/12/2017;07:18:00;619,032;BR-376/PR;Sul;Tombamento;1;1;;;;
11/12/2017;02:10:00;3,512;BR-101/SC;Norte;Tombamento;1;1;;;;
12/12/2017;17:42:00;668,448;BR-376/PR;Sul;Saida de Pista;1;2;;;;
13/12/2017;07:27:00;676,63;BR-376/PR;Sul;Tombamento;1;3;;;;
13/12/2017;11:49:00;83,621;BR-101/SC;Norte;Saida de Pista;1;1;;;;
14/12/2017;13:25:00;125,786;BR-101/SC;Sul;Tombamento;1;1;;;;
15/12/2017;06:59:00;617,379;BR-376/PR;Sul;Tombamento;1;1;;;;
15/12/2017;07:27:00;616,85;BR-376/PR;Sul;Tombamento;1;1;;;;
17/12/2017;02:01:00;179,776;BR-101/SC;Sul;Tombamento;1;1;;;;
19/12/2017;10:26:00;109,15;BR-116/PR;Sul;Tombamento;1;0;1;;;
20/12/2017;11:44:00;640,542;BR-376/PR;Norte;Saida de Pista;1;1;;;;
21/12/2017;15:53:00;638,031;BR-376/PR;Norte;Saida de Pista;2;2;;;;
22/12/2017;07:17:00;665,062;BR-376/PR;Sul;Saida de Pista;1;1;;;;
22/12/2017;13:45:00;135,021;BR-101/SC;Sul;Saida de Pista;1;2;;;;
22/12/2017;18:36:00;665,128;BR-376/PR;Sul;Saida de Pista;1;1;;;;
23/12/2017;13:50:00;671,7;BR-376/PR;Sul;Saida de Pista;1;1;;;;
24/12/2017;02:05:00;217,1;BR-101/SC;Sul;Tombamento;1;1;;;;
26/12/2017;23:19:00;10,538;BR-101/SC;Norte;Saida de Pista;1;0;;1;;
27/12/2017;03:24:00;166,384;BR-101/SC;Sul;Tombamento;1;1;;;;
29/12/2017;01:28:00;101,925;BR-116/PR;Sul;Tombamento;1;1;;;;
29/12/2017;09:15:00;659,714;BR-376/PR;Sul;Saida de Pista;1;1;;;;
30/12/2017;05:09:00;195,139;BR-101/SC;Sul;Saida de Pista;1;3;;;;
05/01/2018;00:22:00;82,587;BR-116/PR;Sul;Tombamento;1;1;;;;
05/01/2018;07:59:00;114,532;BR-116/PR;Norte;Saida de Pista;1;2;;;;
05/01/2018;12:14:00;671,7;BR-376/PR;Sul;Saida de Pista;1;1;;;;
06/01/2018;14:55:00;109,32;BR-101/SC;Sul;Tombamento;1;1;1;;;
07/01/2018;20:00:00;109,88;BR-116/PR;Norte;Saida de Pista;1;1;;;;
09/01/2018;07:33:00;193,061;BR-101/SC;Sul;Tombamento;1;0;1;;;
10/01/2018;15:54:00;110,5;BR-116/PR;Norte;Saida de Pista;1;1;;;;
11/01/2018;04:38:00;95,1;BR-116/PR;Sul;Saida de Pista;1;2;;;;
11/01/2018;11:48:00;103,076;BR-116/PR;Norte;Saida de Pista;1;1;;;;
12/01/2018;12:29:00;213,558;BR-101/SC;Norte;Saida de Pista;1;2;;;;
13/01/2018;01:43:00;45,85;BR-101/SC;Norte;Saida de Pista;1;1;;;;
13/01/2018;17:26:00;102,001;BR-116/PR;Norte;Saida de Pista;1;1;;;;
17/01/2018;18:04:00;52,1;BR-101/SC;Norte;Saida de Pista;1;1;;;;
17/01/2018;23:35:00;155,19;BR-101/SC;Norte;Tombamento;1;1;;;;
18/01/2018;06:21:00;87,463;BR-116/PR;Sul;Tombamento;1;1;;;;
18/01/2018;06:51:00;668,001;BR-376/PR;Norte;Saida de Pista;1;1;;;;
18/01/2018;09:36:00;102,499;BR-101/SC;Sul;Saida de Pista;1;1;;;;
19/01/2018;17:27:00;653,494;BR-376/PR;Norte;Saida de Pista;1;1;;;;
19/01/2018;20:14:00;90,972;BR-101/SC;Norte;Capotamento;1;1;1;;;
21/01/2018;03:00:00;83,04;BR-116/PR;Sul;Saida de Pista;1;2;;;;
21/01/2018;14:56:00;663,895;BR-376/PR;Norte;Tombamento;1;1;;;;
22/01/2018;01:14:00;667,7;BR-376/PR;Sul;Tombamento;1;0;;1;;
22/01/2018;22:48:00;666,7;BR-376/PR;Sul;Saida de Pista;1;1;;;;
23/01/2018;23:06:00;4,35;BR-101/SC;Norte;Saida de Pista;1;1;;;;
25/01/2018;04:54:00;89,72;BR-116/PR;Sul;Tombamento;1;1;;;;
25/01/2018;10:52:00;56,408;BR-101/SC;Sul;Tombamento;1;1;;;;
26/01/2018;07:37:00;216,8;BR-101/SC;Norte;Saida de Pista;1;1;;;;
26/01/2018;09:17:00;13,026;BR-101/SC;Sul;Saida de Pista;1;1;;;;
27/01/2018;00:52:00;663,4;BR-376/PR;Norte;Tombamento;1;1;;;;
28/01/2018;00:37:00;670,752;BR-376/PR;Norte;Tombamento;1;1;;;;
29/01/2018;06:31:00;240,513;BR-101/SC;Norte;Saida de Pista;1;1;;;;
29/01/2018;07:54:00;657,227;BR-376/PR;Sul;Tombamento;1;0;2;;;
29/01/2018;22:51:00;211,463;BR-101/SC;Sul;Capotamento;1;1;3;;;
30/01/2018;00:07:00;668,792;BR-376/PR;Sul;Saida de Pista;1;1;;;;
31/01/2018;01:17:00;89,962;BR-116/PR;Sul;Saida de Pista;1;1;;;;
31/01/2018;07:36:00;117,553;BR-101/SC;Norte;Capotamento;1;1;1;;;
01/02/2018;22:39:00;213,8;BR-101/SC;Norte;Saida de Pista;1;1;;;;
02/02/2018;09:51:00;57,552;BR-101/SC;Norte;Tombamento;1;1;;;;
08/02/2018;15:54:00;670,001;BR-376/PR;Sul;Saida de Pista;1;1;;;;
09/02/2018;15:40:00;111,3;BR-101/SC;Norte;Saida de Pista;2;2;;;;
09/02/2018;15:08:00;112,5;BR-116/PR;Norte;Saida de Pista;1;1;;;;
11/02/2018;11:33:00;665,384;BR-376/PR;Sul;Saida de Pista;1;1;;;;
12/02/2018;16:38:00;216,001;BR-101/SC;Sul;Saida de Pista;1;1;1;;;
13/02/2018;11:19:00;3,556;BR-101/SC;Norte;Saida de Pista;1;1;;;;
19/02/2018;10:23:00;115,228;BR-101/SC;Sul;Tombamento;2;2;;;;
20/02/2018;13:18:00;667,109;BR-376/PR;Sul;Saida de Pista;1;2;;;;
21/02/2018;13:36:00;111,067;BR-116/PR;Norte;Tombamento;1;1;;;;
22/02/2018;00:06:00;81,4;BR-116/PR;Sul;Saida de Pista;1;1;;;;
22/02/2018;23:40:00;673,9;BR-376/PR;Sul;Saida de Pista;1;1;;;;
23/02/2018;04:06:00;665,637;BR-376/PR;Sul;Tombamento;1;1;;;;
23/02/2018;07:35:00;670,8;BR-376/PR;Norte;Tombamento;1;0;1;;;
23/02/2018;08:50:00;95,198;BR-116/PR;Sul;Tombamento;1;0;1;;;
23/02/2018;21:07:00;207,7;BR-101/SC;Norte;Capotamento;1;3;1;;;
24/02/2018;14:49:00;652,541;BR-376/PR;Sul;Tombamento;1;1;;;;
28/02/2018;14:42:00;636,087;BR-376/PR;Norte;Tombamento;1;1;;;;
28/02/2018;21:40:00;79,8;BR-116/PR;Norte;Tombamento;1;1;;;;
01/03/2018;19:46:00;215,001;BR-101/SC;Sul;Capotamento;1;1;1;;;
03/03/2018;00:15:00;676,46;BR-376/PR;Sul;Saida de Pista;1;1;;;;
04/03/2018;23:10:00;80,93;BR-101/SC;Sul;Tombamento;1;1;;;;
05/03/2018;17:34:00;660,478;BR-376/PR;Norte;Saida de Pista;1;1;;;;
05/03/2018;23:36:00;232,69;BR-101/SC;Norte;Tombamento;1;1;;;;
07/03/2018;07:09:00;650,127;BR-376/PR;Sul;Tombamento;1;1;;;;
09/03/2018;03:32:00;674,262;BR-376/PR;Sul;Tombamento;1;1;;;;
10/03/2018;14:15:00;46,453;BR-101/SC;Norte;Saida de Pista;1;1;;;;
13/03/2018;19:20:00;665,143;BR-376/PR;Sul;Tombamento;1;2;1;1;;
14/03/2018;06:07:00;222,752;BR-101/SC;Norte;Tombamento;1;1;;;;
14/03/2018;08:44:00;108,358;BR-116/PR;Sul;Saida de Pista;1;1;;;;
14/03/2018;14:47:00;110,525;BR-116/PR;Norte;Tombamento;1;1;;;;
14/03/2018;15:15:00;615,583;BR-376/PR;Norte;Tombamento;1;1;;;;
14/03/2018;16:18:00;91,289;BR-101/SC;Sul;Saida de Pista;1;1;;;;
15/03/2018;03:07:00;664,4;BR-376/PR;Sul;Saida de Pista;1;1;;;;
15/03/2018;14:59:00;66,292;BR-101/SC;Norte;Tombamento;1;1;;;;
15/03/2018;19:28:00;110,001;BR-116/PR;Sul;Saida de Pista;1;1;;;;
15/03/2018;21:09:00;675,87;BR-376/PR;Sul;Saida de Pista;1;1;;;;
15/03/2018;21:38:00;139,8;BR-101/SC;Sul;Capotamento;1;2;;;;
16/03/2018;08:45:00;108,428;BR-116/PR;Sul;Saida de Pista;1;1;;;;
16/03/2018;09:06:00;107,536;BR-116/PR;Sul;Tombamento;1;1;;;;
18/03/2018;16:32:00;644,177;BR-376/PR;Norte;Tombamento;1;3;;;;
20/03/2018;08:54:00;665,472;BR-376/PR;Sul;Tombamento;1;0;1;;;
20/03/2018;18:05:00;95,872;BR-116/PR;Norte;Saida de Pista;1;2;;;;
20/03/2018;18:38:00;114,932;BR-116/PR;Norte;Tombamento;1;0;1;;;
20/03/2018;22:45:00;655,159;BR-376/PR;Norte;Tombamento;1;1;;;;
21/03/2018;22:18:00;98,444;BR-116/PR;Norte;Tombamento;1;1;;;;
22/03/2018;11:26:00;131,457;BR-101/SC;Sul;Saida de Pista;2;2;;;;
22/03/2018;11:32:00;671,7;BR-376/PR;Sul;Saida de Pista;1;1;;;;
23/03/2018;02:49:00;655,172;BR-376/PR;Norte;Tombamento;1;1;;;;
23/03/2018;05:17:00;6,071;BR-101/SC;Sul;Tombamento;1;0;1;;;
24/03/2018;12:04:00;111,458;BR-101/SC;Norte;Tombamento;1;1;;;;
25/03/2018;07:34:00;85,284;BR-116/PR;Norte;Saida de Pista;1;0;1;;;
26/03/2018;05:20:00;117,321;BR-101/SC;Sul;Tombamento;1;1;;;;
26/03/2018;22:27:00;154,648;BR-101/SC;Norte;Tombamento;1;1;;;;
29/03/2018;13:49:00;119,046;BR-101/SC;Sul;Saida de Pista;1;1;;;;