data;horario;km;trecho;sentido;tipo_de_acidente;caminhao;ilesos;levemente_feridos;moderadamente_feridos;gravemente_feridos;mortos
30/03/2018;08:11:00;679,683;BR-376/PR;Sul;Tombamento;1;0;;;1;
03/04/2018;04:43:00;114,122;BR-116/PR;Norte;Tombamento;1;2;;;;
04/04/2018;02:47:00;74,111;BR-116/PR;Sul;Tombamento;1;1;;;;
04/04/2018;05:04:00;173,21;BR-101/SC;Sul;Tombamento;1;1;;1;;
04/04/2018;08:21:00;671,7;BR-376/PR;Sul;Saida de Pista;1;1;;;;
04/04/2018;10:18:00;67,307;BR-101/SC;Norte;Saida de Pista;1;2;;;;
05/04/2018;06:02:00;244,6;BR-101/SC;Norte;Tombamento;1;0;1;;;
05/04/2018;11:23:00;672,3;BR-376/PR;Sul;Saida de Pista;1;1;;;;
07/04/2018;07:01:00;671,7;BR-376/PR;Sul;Saida de Pista;1;1;;;;
07/04/2018;15:26:00;666,221;BR-376/PR;Sul;Tombamento;1;1;;;;
09/04/2018;21:13:00;670,032;BR-376/PR;Norte;Saida de Pista;1;1;;;;
10/04/2018;22:34:00;677,728;BR-376/PR;Norte;Saida de Pista;1;1;;;;
12/04/2018;04:34:00;111,295;BR-101/SC;Sul;Saida de Pista;1;1;;;;
17/04/2018;08:05:00;668,467;BR-376/PR;Sul;Saida de Pista;1;1;;;;
17/04/2018;11:48:00;109,689;BR-101/SC;Sul;Tombamento;1;1;;;;
20/04/2018;23:01:00;33,346;BR-101/SC;Norte;Tombamento;1;1;;;;
21/04/2018;11:08:00;22,001;BR-101/SC;Sul;Saida de Pista;1;1;;;;
22/04/2018;22:08:00;671,7;BR-376/PR;Sul;Saida de Pista;1;1;;;;
23/04/2018;12:03:00;654,799;BR-376/PR;Norte;Tombamento;1;1;;;;
24/04/2018;19:19:00;6,071;BR-101/SC;Sul;Saida de Pista;1;1;;;;
25/04/2018;22:01:00;111,459;BR-101/SC;Norte;Tombamento;1;1;;;;
25/04/2018;23:30:00;81,001;BR-101/SC;Sul;Capotamento;1;2;;;;
29/04/2018;20:49:00;671,5;BR-376/PR;Sul;Tombamento;1;1;;;;
30/04/2018;10:46:00;204,184;BR-101/SC;Sul;Capotamento;1;2;2;;;
01/08/2018;00:15:00;617,348;BR-376/PR;Sul;Saida de Pista;1;1;;;;
01/08/2018;03:00:00;33,519;BR-101/SC;Norte;Tombamento;1;1;;;;
02/08/2018;22:57:00;159,696;BR-101/SC;Norte;Tombamento;1;1;;;;
03/08/2018;01:01:00;93,001;BR-116/PR;Sul;Tombamento;1;1;;;;
03/08/2018;05:21:00;147,189;BR-101/SC;Norte;Saida de Pista;1;0;;2;;
03/08/2018;14:34:00;30,001;BR-101/SC;Norte;Saida de Pista;1;1;;;;
05/08/2018;14:05:00;20,916;BR-101/SC;Norte;Tombamento;1;2;2;1;;
06/08/2018;21:55:00;101,001;BR-116/PR;Norte;Saida de Pista;1;2;;;;
10/08/2018;14:27:00;132,254;BR-101/SC;Norte;Saida de Pista;1;1;;;;
11/08/2018;07:01:00;90,7;BR-101/SC;Norte;Saida de Pista;1;1;;;;
14/08/2018;10:38:00;674,579;BR-376/PR;Sul;Saida de Pista;1;0;;;1;
17/08/2018;17:28:00;673,243;BR-376/PR;Sul;Saida de Pista;1;1;;;;
19/08/2018;23:28:00;232,785;BR-101/SC;Sul;Tombamento;1;1;;;;
20/08/2018;23:46:00;241,4;BR-101/SC;Sul;Saida de Pista;1;1;;;;
21/08/2018;05:44:00;667,738;BR-376/PR;Sul;Tombamento;1;2;2;;;
21/08/2018;14:34:00;111,001;BR-101/SC;Norte;Saida de Pista;1;1;;;;
21/08/2018;17:14:00;152,936;BR-101/SC;Norte;Tombamento;1;1;;;;
22/08/2018;15:26:00;102,677;BR-116/PR;Norte;Saida de Pista;1;1;;;;
22/08/2018;20:01:00;97,458;BR-101/SC;Norte;Tombamento;1;1;;;;
22/08/2018;22:29:00;671,7;BR-376/PR;Sul;Saida de Pista;1;1;;;;
24/08/2018;03:04:00;166,433;BR-101/SC;Sul;Tombamento;1;0;1;;;
24/08/2018;15:02:00;659,7;BR-376/PR;Norte;Saida de Pista;1;1;;;;
24/08/2018;20:08:00;97,8;BR-116/PR;Norte;Saida de Pista;1;1;;;;
26/08/2018;20:12:00;671,7;BR-376/PR;Sul;Saida de Pista;1;1;;;;
27/08/2018;09:36:00;125,272;BR-101/SC;Sul;Tombamento;1;1;;;;
28/08/2018;16:11:00;625,765;BR-376/PR;Sul;Tombamento;1;1;;;;
29/08/2018;06:52:00;111,4;BR-101/SC;Norte;Saida de Pista;1;1;;;;
29/08/2018;17:29:00;106,001;BR-101/SC;Sul;Saida de Pista;1;2;;;;
30/08/2018;09:14:00;664,275;BR-376/PR;Sul;Saida de Pista;1;1;;;;
30/08/2018;19:22:00;665,001;BR-376/PR;Sul;Saida de Pista;1;1;;;;
31/08/2018;02:26:00;75,001;BR-116/PR;Norte;Saida de Pista;1;1;;;;
03/07/2018;04:46:00;652,1;BR-376/PR;Norte;Saida de Pista;1;1;;;;
03/07/2018;21:07:00;5,1;BR-101/SC;Sul;Saida de Pista;2;2;;;;
05/07/2018;12:48:00;26,634;BR-101/SC;Norte;Saida de Pista;1;2;;;;
09/07/2018;06:22:00;668,334;BR-376/PR;Sul;Saida de Pista;1;1;;;;
10/07/2018;06:01:00;159,821;BR-101/SC;Sul;Tombamento;1;1;;;;
11/07/2018;04:55:00;84,5;BR-116/PR;Norte;Saida de Pista;1;0;1;;;
13/07/2018;02:06:00;138,714;BR-101/SC;Sul;Tombamento;1;1;;;;
14/07/2018;09:50:00;27,761;BR-101/SC;Norte;Tombamento;1;2;1;;;
15/07/2018;19:52:00;671,7;BR-376/PR;Sul;Saida de Pista;1;1;;;;
18/07/2018;09:49:00;666,05;BR-376/PR;Sul;Tombamento;1;1;;;;
18/07/2018;15:18:00;99,001;BR-101/SC;Norte;Saida de Pista;1;1;;;;
18/07/2018;17:04:00;224,989;BR-101/SC;Norte;Saida de Pista;1;1;;;;
19/07/2018;10:41:00;668,717;BR-376/PR;Sul;Tombamento;1;1;;;;
20/07/2018;06:03:00;215,889;BR-101/SC;Norte;Tombamento;1;0;1;;;
21/07/2018;15:32:00;232,634;BR-101/SC;Sul;Capotamento;1;2;;;;
22/07/2018;22:25:00;96,693;BR-116/PR;Sul;Tombamento;1;1;;;;
23/07/2018;10:43:00;21,127;BR-101/SC;Norte;Saida de Pista;1;1;;;;
23/07/2018;14:10:00;668,476;BR-376/PR;Sul;Saida de Pista;1;3;;;;
24/07/2018;10:14:00;663,753;BR-376/PR;Sul;Tombamento;1;1;;;;
30/07/2018;09:51:00;632,689;BR-376/PR;Sul;Capotamento;1;1;;;;
01/05/2018;04:29:00;98,373;BR-101/SC;Sul;Saida de Pista;1;2;;;;
01/05/2018;18:59:00;83,4;BR-116/PR;Norte;Tombamento;1;0;1;;;
02/05/2018;01:33:00;26,65;BR-101/SC;Sul;Saida de Pista;1;1;;;;
02/05/2018;07:14:00;27,54;BR-101/SC;Norte;Tombamento;1;1;;;;
03/05/2018;07:43:00;107,106;BR-101/SC;Norte;Tombamento;1;1;;;;
03/05/2018;12:03:00;144,385;BR-101/SC;Sul;Tombamento;1;1;;;;
03/05/2018;12:08:00;652,451;BR-376/PR;Norte;Tombamento;1;1;;;;
03/05/2018;17:38:00;668,488;BR-376/PR;Sul;Tombamento;2;2;;;;
05/05/2018;13:44:00;671,7;BR-376/PR;Sul;Saida de Pista;1;1;;;;
06/05/2018;02:02:00;671,7;BR-376/PR;Sul;Saida de Pista;1;1;;;;
06/05/2018;15:48:00;48,933;BR-101/SC;Norte;Tombamento;1;1;;;;
07/05/2018;02:33:00;54,001;BR-101/SC;Norte;Saida de Pista;1;1;;;;
08/05/2018;02:44:00;57,8;BR-101/SC;Norte;Tombamento;1;1;;;;
08/05/2018;08:45:00;669,6;BR-376/PR;Sul;Saida de Pista;1;1;;;;
08/05/2018;11:15:00;102,545;BR-101/SC;Sul;Tombamento;1;1;;;;
09/05/2018;03:08:00;675,9;BR-376/PR;Sul;Saida de Pista;1;3;;;;
09/05/2018;04:30:00;86,626;BR-116/PR;Norte;Tombamento;1;1;;;;
10/05/2018;14:04:00;664,154;BR-376/PR;Sul;Tombamento;1;1;;;;
10/05/2018;20:40:00;184,614;BR-101/SC;Norte;Saida de Pista;1;1;;;;
11/05/2018;17:43:00;106,086;BR-116/PR;Sul;Tombamento;1;2;;;;
15/05/2018;07:16:00;111,499;BR-101/SC;Sul;Tombamento;1;1;;;;
15/05/2018;12:55:00;54,6;BR-101/SC;Norte;Capotamento;1;0;2;;;
17/05/2018;08:57:00;664,509;BR-376/PR;Norte;Saida de Pista;1;1;;;;
18/05/2018;15:07:00;668,525;BR-376/PR;Sul;Tombamento;2;2;;;;
20/05/2018;03:33:00;114,6;BR-116/PR;Norte;Saida de Pista;1;1;;;;
30/05/2018;15:53:00;679,41;BR-376/PR;Sul;Tombamento;1;0;1;;;
01/06/2018;08:09:00;174,973;BR-101/SC;Sul;Tombamento;1;1;;;;
01/06/2018;09:50:00;671,7;BR-376/PR;Sul;Saida de Pista;1;1;;;;
01/06/2018;22:12:00;666,2;BR-376/PR;Sul;Saida de Pista;1;1;1;;;
02/06/2018;14:04:00;16,496;BR-101/SC;Sul;Saida de Pista;1;1;;;;
02/06/2018;18:40:00;641,645;BR-376/PR;Sul;Saida de Pista;1;1;;;;
04/06/2018;07:36:00;665,479;BR-376/PR;Sul;Tombamento;1;1;;;;
04/06/2018;09:59:00;650,864;BR-376/PR;Sul;Tombamento;1;0;1;1;1;
04/06/2018;14:39:00;169,048;BR-101/SC;Sul;Saida de Pista;1;1;;;;
05/06/2018;07:17:00;0,551;BR-101/SC;Norte;Saida de Pista;1;1;;;;
05/06/2018;12:00:00;625,769;BR-376/PR;Norte;Tombamento;1;1;;;;
05/06/2018;21:32:00;671,7;BR-376/PR;Sul;Saida de Pista;1;1;;;;
07/06/2018;16:03:00;111,001;BR-116/PR;Norte;Saida de Pista;1;1;;;;
07/06/2018;16:37:00;657,145;BR-376/PR;Sul;Saida de Pista;1;1;;;;
08/06/2018;01:21:00;92,627;BR-116/PR;Sul;Tombamento;1;1;1;;;
08/06/2018;10:19:00;109,2;BR-101/SC;Norte;Saida de Pista;1;1;;;;
09/06/2018;01:29:00;72,8;BR-101/SC;Sul;Saida de Pista;1;1;;;;
12/06/2018;07:06:00;95,5;BR-116/PR;Norte;Tombamento;1;1;;;;
12/06/2018;09:44:00;100,8;BR-116/PR;Norte;Saida de Pista;1;1;;;;
12/06/2018;14:00:00;202,779;BR-101/SC;Sul;Tombamento;1;0;2;;;
12/06/2018;19:09:00;673,686;BR-376/PR;Norte;Saida de Pista;1;1;;;;
12/06/2018;20:41:00;112,8;BR-101/SC;Norte;Saida de Pista;1;1;1;;;
13/06/2018;04:17:00;141,001;BR-101/SC;Sul;Saida de Pista;1;1;;;;
14/06/2018;17:02:00;24,621;BR-101/SC;Sul;Saida de Pista;1;1;;;;
14/06/2018;20:33:00;9,001;BR-101/SC;Norte;Capotamento;1;2;;;;
15/06/2018;09:06:00;625,627;BR-376/PR;Norte;Saida de Pista;1;1;;;;
15/06/2018;16:22:00;677,738;BR-376/PR;Norte;Saida de Pista;1;1;;;;
16/06/2018;10:26:00;141,546;BR-101/SC;Sul;Tombamento;1;0;1;;;
17/06/2018;10:36:00;671,7;BR-376/PR;Sul;Saida de Pista;1;1;;;;
17/06/2018;15:26:00;85,338;BR-116/PR;Norte;Saida de Pista;1;1;;;;
18/06/2018;07:45:00;668,504;BR-376/PR;Sul;Tombamento;1;1;;;;
18/06/2018;14:12:00;673,663;BR-376/PR;Sul;Saida de Pista;1;1;;;;
18/06/2018;16:27:00;671,7;BR-376/PR;Sul;Saida de Pista;1;1;;;;
19/06/2018;07:59:00;106,021;BR-116/PR;Norte;Saida de Pista;1;1;;;;
23/06/2018;14:14:00;647,418;BR-376/PR;Norte;Saida de Pista;1;2;;;;
26/06/2018;21:20:00;190,001;BR-101/SC;Sul;Saida de Pista;1;1;;;;
26/06/2018;22:37:00;88,828;BR-116/PR;Norte;Tombamento;1;2;1;;;
29/06/2018;07:21:00;74,8;BR-116/PR;Sul;Saida de Pista;1;1;;;;
30/06/2018;19:58:00;671,7;BR-376/PR;Sul;Saida de Pista;1;2;;;;
01/09/2018;07:12:00;660,635;BR-376/PR;Norte;Tombamento;1;3;;;;
02/09/2018;07:20:00;98,632;BR-116/PR;Norte;Tombamento;1;1;;;;
03/09/2018;16:30:00;243,518;BR-101/SC;Norte;Saida de Pista;1;2;;;;
04/09/2018;17:40:00;106,677;BR-116/PR;Sul;Saida de Pista;1;1;;;;
05/09/2018;18:10:00;617,3;BR-376/PR;Sul;Saida de Pista;1;1;;;;
06/09/2018;05:51:00;90,129;BR-116/PR;Norte;Saida de Pista;1;1;;;;
07/09/2018;13:21:00;186,8;BR-101/SC;Sul;Capotamento;1;2;1;;;
10/09/2018;07:27:00;5,433;BR-101/SC;Norte;Saida de Pista;1;1;;;;
13/09/2018;07:20:00;200,125;BR-101/SC;Sul;Saida de Pista;1;0;1;;;
13/09/2018;18:56:00;11,3;BR-101/SC;Sul;Tombamento;1;1;;;;
14/09/2018;07:23:00;667,535;BR-376/PR;Sul;Tombamento;1;0;;1;;
14/09/2018;23:18:00;128,001;BR-101/SC;Norte;Saida de Pista;1;1;;;;
18/09/2018;00:45:00;97,97;BR-101/SC;Norte;Tombamento;1;1;;;;
18/09/2018;07:43:00;644,938;BR-376/PR;Norte;Saida de Pista;1;1;;;;
19/09/2018;01:06:00;105,9;BR-116/PR;Norte;Tombamento;1;0;1;;;
21/09/2018;17:18:00;54,8;BR-101/SC;Norte;Saida de Pista;1;1;;;;
23/09/2018;03:03:00;136,602;BR-101/SC;Sul;Capotamento;1;2;;;;
24/09/2018;13:36:00;96,711;BR-116/PR;Norte;Saida de Pista;1;1;;;;
25/09/2018;02:30:00;655,211;BR-376/PR;Sul;Saida de Pista;1;1;;;;
25/09/2018;09:22:00;668,494;BR-376/PR;Sul;Tombamento;1;1;1;1;;
26/09/2018;19:06:00;98,08;BR-116/PR;Sul;Saida de Pista;1;1;;;;
26/09/2018;22:54:00;86,6;BR-116/PR;Norte;Saida de Pista;1;1;;;;
28/09/2018;15:33:00;620,887;BR-376/PR;Norte;Saida de Pista;1;1;;;;
28/09/2018;18:57:00;117,267;BR-101/SC;Norte;Tombamento;1;1;;;;
01/10/2018;12:48:00;33,7;BR-101/SC;Norte;Tombamento;1;1;;;;
02/10/2018;07:15:00;651,117;BR-376/PR;Norte;Saida de Pista;1;1;;;;
03/10/2018;15:42:00;617,46;BR-376/PR;Sul;Tombamento;1;1;;;;
04/10/2018;08:04:00;26,936;BR-101/SC;Sul;Saida de Pista;1;1;;1;;
08/10/2018;03:04:00;91,7;BR-116/PR;Norte;Saida de Pista;1;1;;;;
08/10/2018;14:57:00;160,73;BR-101/SC;Norte;Tombamento;1;1;;;;
10/10/2018;04:52:00;668,611;BR-376/PR;Sul;Tombamento;1;0;1;;;
10/10/2018;18:53:00;98,5;BR-116/PR;Sul;Saida de Pista;1;1;;;;
11/10/2018;04:31:00;59,523;BR-101/SC;Sul;Tombamento;1;1;;;;
11/10/2018;08:57:00;105,14;BR-116/PR;Sul;Saida de Pista;1;1;;;;
11/10/2018;09:02:00;107,429;BR-116/PR;Sul;Saida de Pista;1;1;;;;
11/10/2018;09:14:00;105,914;BR-116/PR;Sul;Tombamento;1;1;;;;
11/10/2018;09:44:00;103,462;BR-116/PR;Sul;Saida de Pista;1;0;1;;;
11/10/2018;11:49:00;3,337;BR-101/SC;Sul;Saida de Pista;1;1;;;;
11/10/2018;15:06:00;38,417;BR-101/SC;Sul;Saida de Pista;1;1;;;;
12/10/2018;07:33:00;76,021;BR-101/SC;Sul;Capotamento;1;2;;;;
12/10/2018;21:50:00;672,23;BR-376/PR;Sul;Capotamento;1;2;1;;;
13/10/2018;16:36:00;89,058;BR-116/PR;Norte;Saida de Pista;1;1;;;;
17/10/2018;13:12:00;220,843;BR-101/SC;Sul;Tombamento;1;3;;;;
17/10/2018;19:00:00;109,001;BR-101/SC;Norte;Saida de Pista;1;2;;;;
20/10/2018;06:25:00;660,388;BR-376/PR;Norte;Tombamento;1;1;;;;
20/10/2018;19:17:00;650,24;BR-376/PR;Norte;Saida de Pista;1;1;;;;
21/10/2018;04:58:00;109,416;BR-116/PR;Norte;Saida de Pista;1;1;;;;
21/10/2018;07:03:00;241,568;BR-101/SC;Sul;Tombamento;1;1;;;;
22/10/2018;15:22:00;107,514;BR-116/PR;Norte;Saida de Pista;1;1;;;;
22/10/2018;18:17:00;665,51;BR-376/PR;Sul;Tombamento;1;0;;;;2
23/10/2018;20:03:00;25,789;BR-101/SC;Norte;Saida de Pista;1;1;;;;
24/10/2018;10:19:00;653,908;BR-376/PR;Norte;Saida de Pista;1;1;;;;
24/10/2018;15:45:00;118,535;BR-101/SC;Norte;Saida de Pista;1;0;1;;;
25/10/2018;03:49:00;241,98;BR-101/SC;Norte;Tombamento;1;1;;;;
25/10/2018;07:21:00;660,451;BR-376/PR;Norte;Saida de Pista;1;1;;;;
25/10/2018;07:31:00;40,021;BR-101/SC;Sul;Tombamento;1;0;1;;;
25/10/2018;12:41:00;681,211;BR-376/PR;Sul;Tombamento;1;0;1;;;
26/10/2018;11:53:00;32,8;BR-101/SC;Sul;Saida de Pista;1;1;;;;
26/10/2018;12:46:00;665,864;BR-376/PR;Sul;Tombamento;1;0;1;;;
26/10/2018;21:16:00;124,147;BR-101/SC;Sul;Saida de Pista;1;1;;;;
26/10/2018;23:46:00;671,689;BR-376/PR;Sul;Saida de Pista;1;1;;;;
27/10/2018;14:39:00;111,4;BR-101/SC;Norte;Saida de Pista;1;1;;;;
28/10/2018;06:00:00;667,739;BR-376/PR;Sul;Saida de Pista;1;1;;;;
29/10/2018;18:16:00;633,6;BR-376/PR;Sul;Saida de Pista;1;1;;;;
31/10/2018;07:07:00;660,504;BR-376/PR;Sul;Tombamento;1;1;;;;
31/10/2018;09:26:00;199,198;BR-101/SC;Norte;Tombamento;1;1;;;;
01/11/2018;05:49:00;673,233;BR-376/PR;Sul;Saida de Pista;1;1;;;;
01/11/2018;10:08:00;650,882;BR-376/PR;Sul;Tombamento;1;0;1;;;
02/11/2018;08:25:00;6,3;BR-101/SC;Norte;Saida de Pista;1;1;;;;
07/11/2018;04:11:00;82,541;BR-116/PR;Sul;Tombamento;1;1;;;;
08/11/2018;01:59:00;679,53;BR-376/PR;Sul;Tombamento;1;1;;;;
08/11/2018;22:18:00;655,44;BR-376/PR;Sul;Tombamento;1;1;;;;
09/11/2018;09:50:00;63,001;BR-101/SC;Sul;Saida de Pista;1;1;;;;
09/11/2018;11:56:00;88,212;BR-116/PR;Sul;Saida de Pista;1;1;;;;
09/11/2018;13:06:00;659,8;BR-376/PR;Sul;Saida de Pista;1;1;;;;
09/11/2018;13:45:00;95,2;BR-116/PR;Norte;Saida de Pista;1;1;;;;
10/11/2018;00:09:00;673,249;BR-376/PR;Sul;Tombamento;1;1;;;;
10/11/2018;21:47:00;37,01;BR-101/SC;Norte;Saida de Pista;1;2;;;;
12/11/2018;20:37:00;671,7;BR-376/PR;Sul;Saida de Pista;1;1;;;;
16/11/2018;08:23:00;112,025;BR-101/SC;Norte;Tombamento;1;1;;;;
17/11/2018;05:05:00;655,021;BR-376/PR;Sul;Tombamento;1;3;;;;
20/11/2018;02:52:00;103,1;BR-116/PR;Sul;Saida de Pista;1;1;;;;
20/11/2018;08:36:00;109,562;BR-116/PR;Norte;Saida de Pista;1;1;;;;
20/11/2018;09:15:00;111,973;BR-116/PR;Norte;Saida de Pista;1;1;;;;
21/11/2018;06:44:00;655,752;BR-376/PR;Norte;Tombamento;1;1;;;;
22/11/2018;23:07:00;665,64;BR-376/PR;Norte;Saida de Pista;1;1;;;;
23/11/2018;03:09:00;96,839;BR-116/PR;Norte;Saida de Pista;1;1;;;;
24/11/2018;15:20:00;136,891;BR-101/SC;Norte;Saida de Pista;1;1;;;;
25/11/2018;02:47:00;89,001;BR-101/SC;Norte;Saida de Pista;1;1;;;;
26/11/2018;10:00:00;671,7;BR-376/PR;Sul;Saida de Pista;1;1;;;;
27/11/2018;20:06:00;91,441;BR-116/PR;Norte;Tombamento;1;1;;;;
27/11/2018;21:16:00;670,765;BR-376/PR;Norte;Tombamento;1;1;;;;
28/11/2018;07:52:00;100,926;BR-116/PR;Sul;Tombamento;1;1;;;;
29/11/2018;03:48:00;664,053;BR-376/PR;Sul;Saida de Pista;1;1;;;;
29/11/2018;18:35:00;28,989;BR-101/SC;Sul;Saida de Pista;1;1;;;;
30/11/2018;13:13:00;671,2;BR-376/PR;Sul;Saida de Pista;1;1;;;;
30/11/2018;17:34:00;93,8;BR-116/PR;Norte;Saida de Pista;1;1;;;;
03/12/2018;06:52:00;640,8;BR-376/PR;Sul;Capotamento;1;1;;;;
03/12/2018;07:10:00;640,6;BR-376/PR;Sul;Tombamento;1;1;;;;
04/12/2018;03:20:00;83,723;BR-116/PR;Sul;Saida de Pista;1;0;1;;;
05/12/2018;23:05:00;646,499;BR-376/PR;Norte;Saida de Pista;1;1;;;;
07/12/2018;04:32:00;82,334;BR-116/PR;Norte;Saida de Pista;1;1;;;;
07/12/2018;17:19:00;653,654;BR-376/PR;Norte;Saida de Pista;1;1;;;;
07/12/2018;17:56:00;616,912;BR-376/PR;Sul;Tombamento;1;1;;;;
08/12/2018;04:34:00;640,3;BR-376/PR;Norte;Tombamento;1;1;;;;
11/12/2018;11:00:00;655,178;BR-376/PR;Norte;Tombamento;1;1;2;;;
11/12/2018;11:53:00;641,59;BR-376/PR;Sul;Tombamento;1;1;;;;
11/12/2018;14:15:00;672,96;BR-376/PR;Norte;Saida de Pista;1;2;;;;
12/12/2018;08:02:00;85,601;BR-101/SC;Sul;Capotamento;1;3;;;;
12/12/2018;22:29:00;667,667;BR-376/PR;Sul;Tombamento;2;1;;1;;
13/12/2018;08:40:00;673,5;BR-376/PR;Sul;Saida de Pista;1;1;;;;
13/12/2018;18:05:00;202,5;BR-101/SC;Sul;Saida de Pista;1;1;;;;
14/12/2018;13:43:00;87,048;BR-116/PR;Norte;Saida de Pista;1;1;;;;
14/12/2018;20:32:00;623,55;BR-376/PR;Norte;Saida de Pista;1;1;;;;
16/12/2018;11:08:00;210,476;BR-101/SC;Sul;Capotamento;1;1;1;;;
16/12/2018;16:57:00;615,716;BR-376/PR;Norte;Tombamento;1;1;;;;
17/12/2018;13:25:00;27,588;BR-101/SC;Norte;Saida de Pista;1;2;;;;
17/12/2018;15:40:00;109,09;BR-116/PR;Sul;Saida de Pista;1;1;;;;
18/12/2018;21:43:00;209,001;BR-101/SC;Norte;Saida de Pista;1;1;;;;
21/12/2018;10:16:00;672,6;BR-376/PR;Sul;Saida de Pista;1;1;;;;
22/12/2018;21:23:00;667,668;BR-376/PR;Sul;Tombamento;1;0;;;;1
26/12/2018;21:47:00;115,867;BR-101/SC;Norte;Tombamento;1;1;;;;
28/12/2018;07:58:00;656,9;BR-376/PR;Sul;Saida de Pista;1;1;;;;
30/12/2018;17:18:00;103,082;BR-116/PR;Sul;Tombamento;1;1;;;;
02/03/2019;18:54:00;659,663;BR-376/PR;Sul;Tombamento;1;1;;;;
03/03/2019;07:52:00;660,965;BR-376/PR;Sul;Tombamento;1;0;1;;;
04/03/2019;18:25:00;108,601;BR-101/SC;Norte;Saida de Pista;1;1;;;;
07/03/2019;01:41:00;165,5;BR-101/SC;Sul;Tombamento;1;2;;;;
08/03/2019;16:13:00;241,9;BR-101/SC;Norte;Saida de Pista;1;1;;;;
08/03/2019;22:28:00;668,646;BR-376/PR;Sul;Tombamento;2;2;2;;;
09/03/2019;18:15:00;671,7;BR-376/PR;Sul;Saida de Pista;1;1;;;;
10/03/2019;06:54:00;666,168;BR-376/PR;Sul;Saida de Pista;1;1;;;;
12/03/2019;09:15:00;10,588;BR-101/SC;Sul;Saida de Pista;1;1;;;;
13/03/2019;07:52:00;106,565;BR-116/PR;Norte;Saida de Pista;1;1;;;;
14/03/2019;19:57:00;92,048;BR-101/SC;Sul;Saida de Pista;1;0;;;1;
16/03/2019;11:55:00;89,2;BR-116/PR;Sul;Tombamento;1;3;;;;
22/03/2019;05:50:00;168,235;BR-101/SC;Sul;Saida de Pista;1;0;1;;;
22/03/2019;10:30:00;659,3;BR-376/PR;Sul;Saida de Pista;1;2;;;;
22/03/2019;19:57:00;655,5;BR-376/PR;Sul;Saida de Pista;1;3;;;2;
24/03/2019;19:37:00;623,702;BR-376/PR;Norte;Tombamento;1;1;;;;
28/03/2019;16:16:00;667,277;BR-376/PR;Sul;Saida de Pista;1;1;;;;
29/03/2019;15:59:00;57,586;BR-101/SC;Norte;Tombamento;1;1;;;;
29/03/2019;19:16:00;641,725;BR-376/PR;Sul;Saida de Pista;1;1;;;;
02/02/2019;12:39:00;121,639;BR-101/SC;Sul;Saida de Pista;1;1;;;;
03/02/2019;19:39:00;47,617;BR-101/SC;Norte;Saida de Pista;1;1;;;;
06/02/2019;04:55:00;98,6;BR-116/PR;Sul;Tombamento;1;1;;;;
06/02/2019;05:06:00;671,7;BR-376/PR;Sul;Saida de Pista;1;3;;;;
06/02/2019;17:56:00;14,474;BR-101/SC;Norte;Saida de Pista;1;1;;;;
06/02/2019;20:07:00;175,08;BR-101/SC;Norte;Tombamento;1;1;;;;
07/02/2019;05:24:00;211,754;BR-101/SC;Norte;Saida de Pista;1;1;;;;
08/02/2019;04:33:00;186,091;BR-101/SC;Sul;Tombamento;1;0;1;;;
10/02/2019;15:15:00;668,8;BR-376/PR;Sul;Tombamento;1;1;;;;
11/02/2019;06:49:00;196,008;BR-101/SC;Sul;Capotamento;1;1;2;;;
11/02/2019;11:26:00;652,937;BR-376/PR;Sul;Tombamento;3;3;1;;;
11/02/2019;16:01:00;658,392;BR-376/PR;Norte;Saida de Pista;1;1;;;;
11/02/2019;19:27:00;108,001;BR-116/PR;Sul;Saida de Pista;1;1;;;;
11/02/2019;19:46:00;190,9;BR-101/SC;Norte;Saida de Pista;1;0;1;;;
13/02/2019;15:02:00;671,7;BR-376/PR;Sul;Saida de Pista;1;1;;;;
13/02/2019;19:09:00;667,517;BR-376/PR;Sul;Tombamento;1;1;;;;1
14/02/2019;06:24:00;97,471;BR-116/PR;Sul;Capotamento;1;1;;1;;
15/02/2019;12:29:00;216,261;BR-101/SC;Norte;Tombamento;1;1;;;;
15/02/2019;13:34:00;671,7;BR-376/PR;Sul;Saida de Pista;1;0;1;;;
15/02/2019;16:35:00;102,3;BR-116/PR;Sul;Saida de Pista;1;1;;;;
15/02/2019;21:36:00;671,15;BR-376/PR;Sul;Saida de Pista;1;1;;;;
17/02/2019;08:44:00;116,446;BR-101/SC;Norte;Saida de Pista;1;1;;;;
17/02/2019;14:11:00;83,676;BR-116/PR;Norte;Saida de Pista;1;1;;;;
17/02/2019;20:04:00;668,001;BR-376/PR;Sul;Tombamento;1;2;;;;
19/02/2019;21:21:00;98,002;BR-116/PR;Norte;Saida de Pista;1;2;;;;
20/02/2019;04:02:00;666,198;BR-376/PR;Sul;Saida de Pista;1;1;;;;