data;horario;km;trecho;sentido;tipo_de_acidente;caminhao;ilesos;levemente_feridos;moderadamente_feridos;gravemente_feridos;mortos
20/02/2019;14:28:00;110,84;BR-116/PR;Norte;Tombamento;2;2;;;;
21/02/2019;01:10:00;668,776;BR-376/PR;Sul;Saida de Pista;1;1;;;;
21/02/2019;14:31:00;91,302;BR-116/PR;Sul;Saida de Pista;1;1;;;;
22/02/2019;16:16:00;162,2;BR-101/SC;Norte;Saida de Pista;1;1;;;;
22/02/2019;22:30:00;205,48;BR-101/SC;Norte;Capotamento;1;1;2;;;
25/02/2019;14:46:00;13,8;BR-101/SC;Norte;Saida de Pista;1;1;;;;
26/02/2019;00:35:00;232,78;BR-101/SC;Sul;Saida de Pista;1;1;;;;
27/02/2019;13:19:00;103,012;BR-116/PR;Sul;Saida de Pista;1;1;;;;
28/02/2019;06:35:00;101,651;BR-116/PR;Sul;Saida de Pista;1;1;;;;
28/02/2019;15:28:00;651,001;BR-376/PR;Sul;Saida de Pista;1;1;;;;
28/02/2019;18:18:00;668,812;BR-376/PR;Sul;Tombamento;1;0;1;;;
03/01/2019;18:01:00;671,7;BR-376/PR;Sul;Saida de Pista;1;1;;;;
04/01/2019;06:28:00;30,167;BR-101/SC;Norte;Capotamento;1;1;3;;;
04/01/2019;06:28:00;76,11;BR-101/SC;Sul;Saida de Pista;1;1;;;;
06/01/2019;21:03:00;665,616;BR-376/PR;Sul;Tombamento;1;2;;;;
07/01/2019;17:18:00;665,975;BR-376/PR;Sul;Tombamento;1;0;1;;;
08/01/2019;19:15:00;42,1;BR-101/SC;Sul;Saida de Pista;1;2;;;;
11/01/2019;14:58:00;671,248;BR-376/PR;Norte;Saida de Pista;1;1;;;;
11/01/2019;22:34:00;212,7;BR-101/SC;Norte;Tombamento;1;1;;;;
11/01/2019;23:56:00;69,2;BR-101/SC;Sul;Saida de Pista;1;1;;;;
12/01/2019;05:35:00;641,324;BR-376/PR;Sul;Saida de Pista;1;1;;;;
12/01/2019;12:12:00;122,885;BR-101/SC;Norte;Saida de Pista;1;0;;1;;
13/01/2019;14:31:00;81,803;BR-116/PR;Norte;Saida de Pista;1;1;;;;
14/01/2019;11:44:00;32,002;BR-101/SC;Sul;Saida de Pista;1;1;;;;
14/01/2019;22:59:00;92,4;BR-101/SC;Sul;Saida de Pista;1;2;;;;
16/01/2019;02:25:00;140,122;BR-101/SC;Sul;Tombamento;1;1;;;;
16/01/2019;04:45:00;57,914;BR-101/SC;Sul;Saida de Pista;1;2;;;;
17/01/2019;16:03:00;238,3;BR-101/SC;Norte;Saida de Pista;1;1;;;;
17/01/2019;16:52:00;20,178;BR-101/SC;Norte;Tombamento;1;0;2;;;
19/01/2019;12:11:00;98,001;BR-101/SC;Norte;Saida de Pista;1;1;;;;
19/01/2019;22:28:00;47,676;BR-101/SC;Norte;Tombamento;1;0;1;;;
22/01/2019;12:10:00;114,252;BR-116/PR;Norte;Tombamento;1;1;;;;
24/01/2019;06:51:00;194,001;BR-101/SC;Norte;Saida de Pista;1;1;;;;
24/01/2019;16:27:00;175,142;BR-101/SC;Norte;Tombamento;1;0;1;;;
24/01/2019;22:20:00;99,7;BR-116/PR;Sul;Saida de Pista;1;1;;;;
25/01/2019;04:20:00;69,625;BR-101/SC;Norte;Saida de Pista;1;1;;;;
25/01/2019;04:45:00;69,618;BR-101/SC;Norte;Saida de Pista;1;1;;;;
25/01/2019;08:09:00;155,232;BR-101/SC;Sul;Saida de Pista;1;1;;;;
27/01/2019;08:04:00;671,7;BR-376/PR;Sul;Saida de Pista;1;3;;;;
28/01/2019;07:19:00;679,592;BR-376/PR;Sul;Tombamento;1;1;;;;
28/01/2019;08:46:00;105,95;BR-116/PR;Sul;Saida de Pista;1;1;;;;
28/01/2019;18:47:00;232,9;BR-101/SC;Sul;Saida de Pista;1;2;;;;
29/01/2019;03:54:00;640,041;BR-376/PR;Norte;Saida de Pista;1;2;;;;
31/01/2019;17:03:00;232,8;BR-101/SC;Sul;Tombamento;1;1;;;;
31/01/2019;18:03:00;84,14;BR-116/PR;Norte;Saida de Pista;1;1;;;;
01/08/2019;09:44:00;671,7;BR-376/PR;Sul;Saida de Pista;1;1;;;;
01/08/2019;14:44:00;100,201;BR-101/SC;Norte;Saida de Pista;1;0;1;;;
06/08/2019;02:56:00;654,943;BR-376/PR;Norte;Tombamento;1;1;;;;
06/08/2019;05:49:00;83,006;BR-116/PR;Sul;Tombamento;1;2;;;;
06/08/2019;06:59:00;671,7;BR-376/PR;Sul;Saida de Pista;1;1;;;;
07/08/2019;09:16:00;93,002;BR-116/PR;Sul;Tombamento;1;1;;;;
07/08/2019;23:25:00;70,8;BR-101/SC;Sul;Saida de Pista;1;1;;;;
15/08/2019;11:28:00;233,845;BR-101/SC;Sul;Tombamento;1;1;;;;
19/08/2019;07:43:00;102,8;BR-101/SC;Sul;Saida de Pista;1;1;;;;
19/08/2019;17:29:00;4,1;BR-101/SC;Norte;Saida de Pista;1;1;;;;
21/08/2019;08:28:00;650,853;BR-376/PR;Sul;Tombamento;1;1;;;;
21/08/2019;20:52:00;214,008;BR-101/SC;Sul;Saida de Pista;1;1;;;;
22/08/2019;09:43:00;111,934;BR-116/PR;Sul;Saida de Pista;1;1;;;;
23/08/2019;06:56:00;93,901;BR-116/PR;Norte;Saida de Pista;1;1;;;;
26/08/2019;08:58:00;57,12;BR-101/SC;Norte;Saida de Pista;1;1;;;;
26/08/2019;19:28:00;205,42;BR-101/SC;Norte;Saida de Pista;1;1;;;;
27/08/2019;03:59:00;615,001;BR-376/PR;Sul;Capotamento;1;2;;;;
27/08/2019;06:56:00;57,477;BR-101/SC;Sul;Saida de Pista;1;1;;;;
31/08/2019;21:49:00;232,8;BR-101/SC;Sul;Tombamento;1;2;;;;
01/07/2019;05:12:00;676,001;BR-376/PR;Sul;Saida de Pista;1;1;;;;
01/07/2019;19:29:00;99,02;BR-101/SC;Sul;Tombamento;1;1;1;;;
01/07/2019;23:46:00;165,13;BR-101/SC;Sul;Tombamento;1;1;;;;
02/07/2019;18:42:00;671,7;BR-376/PR;Sul;Saida de Pista;1;1;;;;
03/07/2019;10:50:00;111,451;BR-101/SC;Sul;Tombamento;1;0;1;;;
05/07/2019;04:12:00;99,099;BR-116/PR;Norte;Tombamento;1;1;;;;
05/07/2019;16:26:00;671,7;BR-376/PR;Sul;Saida de Pista;1;1;;;;
05/07/2019;19:30:00;631,97;BR-376/PR;Sul;Capotamento;1;2;;;;
06/07/2019;13:35:00;101,575;BR-116/PR;Norte;Saida de Pista;1;2;;;;
09/07/2019;08:42:00;48,001;BR-101/SC;Norte;Saida de Pista;1;1;;;;
09/07/2019;10:12:00;117,313;BR-101/SC;Sul;Saida de Pista;1;5;;;;
11/07/2019;22:29:00;652,58;BR-376/PR;Norte;Tombamento;1;4;1;;;
16/07/2019;05:39:00;131,072;BR-101/SC;Norte;Tombamento;1;1;;;;
16/07/2019;12:28:00;98,217;BR-116/PR;Norte;Tombamento;1;3;;;;
17/07/2019;22:25:00;676,411;BR-376/PR;Norte;Saida de Pista;1;1;;;;
18/07/2019;03:33:00;56,6;BR-101/SC;Norte;Saida de Pista;1;1;;;;
18/07/2019;09:56:00;52,951;BR-101/SC;Sul;Saida de Pista;1;1;;;;
18/07/2019;11:09:00;655,695;BR-376/PR;Norte;Capotamento;1;2;1;;;
18/07/2019;13:01:00;136,12;BR-101/SC;Sul;Saida de Pista;1;1;;;;
18/07/2019;18:41:00;105,2;BR-101/SC;Sul;Saida de Pista;1;1;;;;
19/07/2019;04:47:00;94,661;BR-116/PR;Norte;Saida de Pista;1;1;;;;
20/07/2019;07:06:00;108,737;BR-101/SC;Sul;Saida de Pista;1;0;1;;;
23/07/2019;11:04:00;671,701;BR-376/PR;Sul;Saida de Pista;1;1;;;;
26/07/2019;02:18:00;45,05;BR-101/SC;Sul;Saida de Pista;1;1;;;;
26/07/2019;15:24:00;3,519;BR-101/SC;Norte;Tombamento;1;0;1;;;
27/07/2019;08:09:00;650,897;BR-376/PR;Sul;Tombamento;1;0;1;;;
27/07/2019;20:58:00;671,451;BR-376/PR;Sul;Tombamento;1;1;;;;
28/07/2019;13:25:00;57,467;BR-101/SC;Norte;Saida de Pista;1;2;;;;
29/07/2019;10:26:00;672,05;BR-376/PR;Sul;Tombamento;1;0;1;;;
31/07/2019;07:55:00;664,051;BR-376/PR;Sul;Tombamento;1;1;;;;
02/04/2019;09:24:00;109,511;BR-116/PR;Sul;Tombamento;1;2;;;;
02/04/2019;19:25:00;108,95;BR-116/PR;Sul;Saida de Pista;1;1;;;;
04/04/2019;14:17:00;110,891;BR-116/PR;Norte;Tombamento;1;1;;;;
04/04/2019;23:08:00;676,683;BR-376/PR;Norte;Saida de Pista;1;1;;;;
05/04/2019;19:05:00;80,972;BR-116/PR;Norte;Capotamento;1;2;2;;;
06/04/2019;07:08:00;98,001;BR-116/PR;Sul;Capotamento;1;0;1;;;
06/04/2019;08:42:00;668,475;BR-376/PR;Sul;Saida de Pista;1;1;;;;
06/04/2019;15:38:00;157,4;BR-101/SC;Norte;Saida de Pista;1;1;;;;
08/04/2019;03:50:00;95,36;BR-101/SC;Sul;Tombamento;1;1;;;;
08/04/2019;09:21:00;112,12;BR-116/PR;Sul;Tombamento;1;1;1;;;
08/04/2019;09:59:00;658,12;BR-376/PR;Norte;Saida de Pista;1;2;2;;;
09/04/2019;12:55:00;50,035;BR-101/SC;Norte;Tombamento;1;1;;;;
10/04/2019;15:50:00;668,211;BR-376/PR;Sul;Saida de Pista;1;0;1;;;
10/04/2019;17:01:00;38,863;BR-101/SC;Sul;Saida de Pista;1;1;;;;
12/04/2019;18:03:00;103,318;BR-116/PR;Sul;Saida de Pista;1;1;;;;
17/04/2019;21:45:00;671,7;BR-376/PR;Sul;Saida de Pista;1;2;;;;
21/04/2019;22:21:00;670,879;BR-376/PR;Sul;Saida de Pista;1;1;;;;
23/04/2019;15:21:00;93,327;BR-101/SC;Norte;Tombamento;1;1;;;;
23/04/2019;15:41:00;3,229;BR-101/SC;Norte;Saida de Pista;1;1;;;;
24/04/2019;08:16:00;671,7;BR-376/PR;Sul;Saida de Pista;1;1;;;;
25/04/2019;02:24:00;668,43;BR-376/PR;Sul;Tombamento;1;1;;;;
25/04/2019;17:33:00;108,061;BR-101/SC;Sul;Saida de Pista;1;1;;;;
26/04/2019;14:36:00;664,281;BR-376/PR;Norte;Saida de Pista;1;1;;;;
28/04/2019;10:29:00;74,001;BR-116/PR;Sul;Tombamento;1;1;;;;
28/04/2019;11:45:00;102,002;BR-116/PR;Norte;Saida de Pista;1;1;;;;
28/04/2019;14:12:00;673,95;BR-376/PR;Sul;Saida de Pista;1;2;;;;
30/04/2019;14:19:00;3,544;BR-101/SC;Norte;Saida de Pista;1;1;;;;
04/05/2019;09:49:00;641,025;BR-376/PR;Sul;Tombamento;1;1;;;;
04/05/2019;10:59:00;232,745;BR-101/SC;Sul;Tombamento;1;1;;;;
07/05/2019;07:05:00;18,776;BR-101/SC;Sul;Saida de Pista;1;1;;;;
08/05/2019;13:41:00;661,1;BR-376/PR;Sul;Saida de Pista;1;1;;;;
09/05/2019;01:29:00;233,824;BR-101/SC;Norte;Tombamento;1;1;;;;
09/05/2019;06:44:00;667,669;BR-376/PR;Sul;Tombamento;1;0;;;;1
10/05/2019;09:31:00;101,489;BR-116/PR;Sul;Tombamento;1;1;;;;
11/05/2019;08:29:00;670,895;BR-376/PR;Sul;Saida de Pista;1;1;;;;
13/05/2019;01:07:00;665,302;BR-376/PR;Norte;Saida de Pista;1;1;;;;
13/05/2019;11:09:00;113,853;BR-101/SC;Norte;Saida de Pista;1;1;;;;
13/05/2019;15:04:00;174,239;BR-101/SC;Sul;Capotamento;1;1;1;;;
13/05/2019;16:38:00;652,495;BR-376/PR;Norte;Tombamento;1;0;1;;;
13/05/2019;19:06:00;671,7;BR-376/PR;Sul;Saida de Pista;1;1;;;;
17/05/2019;08:38:00;232,747;BR-101/SC;Sul;Tombamento;1;1;;;;
17/05/2019;13:16:00;111,139;BR-116/PR;Norte;Tombamento;1;1;;;;
18/05/2019;05:32:00;46,9;BR-101/SC;Sul;Tombamento;2;1;1;;;
18/05/2019;06:53:00;104,6;BR-101/SC;Norte;Saida de Pista;1;1;;;;
19/05/2019;14:53:00;10,291;BR-101/SC;Norte;Tombamento;1;0;1;;;
21/05/2019;03:40:00;191,323;BR-101/SC;Sul;Tombamento;1;0;1;;;
21/05/2019;15:52:00;33,375;BR-101/SC;Norte;Saida de Pista;1;1;;;;
21/05/2019;18:43:00;671,7;BR-376/PR;Sul;Saida de Pista;1;1;;;;
22/05/2019;20:05:00;138,795;BR-101/SC;Norte;Saida de Pista;1;1;;;;
23/05/2019;19:07:00;110,161;BR-116/PR;Sul;Saida de Pista;1;1;;;;
26/05/2019;11:23:00;617,223;BR-376/PR;Sul;Saida de Pista;1;1;;;;
27/05/2019;15:33:00;56,354;BR-101/SC;Norte;Tombamento;1;1;;;;
28/05/2019;07:37:00;105,137;BR-101/SC;Sul;Saida de Pista;1;1;;;;
28/05/2019;10:45:00;94,783;BR-116/PR;Sul;Tombamento;1;1;;;;
30/05/2019;08:27:00;112,456;BR-116/PR;Sul;Saida de Pista;1;1;;;;
31/05/2019;04:16:00;117,352;BR-101/SC;Sul;Tombamento;1;1;;;;
31/05/2019;04:50:00;101,8;BR-101/SC;Norte;Saida de Pista;1;1;;;;
31/05/2019;08:42:00;645,395;BR-376/PR;Norte;Tombamento;1;1;;;;
01/06/2019;03:33:00;629,96;BR-376/PR;Sul;Tombamento;1;1;;;;
02/06/2019;10:44:00;659,797;BR-376/PR;Norte;Tombamento;1;0;;1;;
03/06/2019;15:23:00;104,275;BR-116/PR;Sul;Saida de Pista;1;1;;;;
03/06/2019;16:00:00;100,894;BR-116/PR;Sul;Saida de Pista;1;1;;;;
03/06/2019;21:21:00;18,7;BR-101/SC;Norte;Saida de Pista;1;0;1;;;
03/06/2019;23:41:00;113,1;BR-101/SC;Norte;Saida de Pista;1;2;;;;
05/06/2019;21:43:00;232,69;BR-101/SC;Sul;Tombamento;1;1;;;;
06/06/2019;04:23:00;239,094;BR-101/SC;Sul;Tombamento;1;1;;;;
06/06/2019;15:00:00;671,7;BR-376/PR;Sul;Saida de Pista;1;1;;;;
06/06/2019;21:09:00;110,527;BR-101/SC;Sul;Saida de Pista;1;1;;;;
08/06/2019;09:20:00;106,518;BR-116/PR;Sul;Saida de Pista;1;1;;;;
08/06/2019;13:27:00;115,005;BR-116/PR;Norte;Saida de Pista;1;1;;;;
10/06/2019;08:09:00;178,388;BR-101/SC;Norte;Tombamento;1;1;;;;
10/06/2019;14:15:00;101,933;BR-116/PR;Sul;Saida de Pista;1;1;;;;
10/06/2019;18:00:00;93,422;BR-116/PR;Norte;Saida de Pista;1;1;;;;
11/06/2019;11:47:00;671,7;BR-376/PR;Sul;Saida de Pista;1;1;;;;
11/06/2019;12:26:00;28,875;BR-101/SC;Norte;Saida de Pista;1;1;;;;
13/06/2019;03:45:00;84,67;BR-116/PR;Norte;Saida de Pista;1;1;;;;
17/06/2019;07:00:00;673,253;BR-376/PR;Sul;Saida de Pista;1;1;;;;
19/06/2019;04:38:00;156,452;BR-101/SC;Sul;Tombamento;2;2;1;;;
19/06/2019;22:07:00;652,054;BR-376/PR;Sul;Saida de Pista;1;0;;1;;
25/06/2019;18:03:00;44,232;BR-101/SC;Norte;Saida de Pista;1;1;;;;
26/06/2019;12:12:00;106,661;BR-116/PR;Norte;Saida de Pista;1;1;;;;
26/06/2019;17:47:00;679,978;BR-376/PR;Sul;Saida de Pista;1;1;;;;
29/06/2019;17:39:00;652,492;BR-376/PR;Sul;Tombamento;1;0;1;;;
02/09/2019;12:27:00;655,114;BR-376/PR;Norte;Saida de Pista;1;1;;;;
02/09/2019;14:51:00;88,639;BR-116/PR;Sul;Tombamento;1;0;;1;;
03/09/2019;14:47:00;632,502;BR-376/PR;Norte;Saida de Pista;1;1;;;;
06/09/2019;05:21:00;107,65;BR-101/SC;Norte;Capotamento;1;2;;;;
06/09/2019;05:21:00;107,65;BR-101/SC;Norte;Capotamento;1;2;;;;
06/09/2019;15:22:00;120,7;BR-101/SC;Norte;Saida de Pista;1;2;;;;
06/09/2019;15:22:00;120,7;BR-101/SC;Norte;Saida de Pista;1;2;;;;
08/09/2019;19:33:00;665,002;BR-376/PR;Sul;Saida de Pista;1;1;;;;
11/09/2019;00:12:00;138,56;BR-101/SC;Sul;Tombamento;1;1;;;;
11/09/2019;14:05:00;43,001;BR-101/SC;Sul;Capotamento;1;1;1;;;
16/09/2019;03:24:00;2,447;BR-101/SC;Sul;Tombamento;1;1;;;;
16/09/2019;10:27:00;97,1;BR-101/SC;Sul;Saida de Pista;1;1;;;;
18/09/2019;14:06:00;6,01;BR-101/SC;Norte;Saida de Pista;1;0;1;;;
19/09/2019;20:00:00;220,072;BR-101/SC;Norte;Saida de Pista;1;1;1;;;
20/09/2019;12:50:00;153,78;BR-101/SC;Norte;Tombamento;1;1;;;;
20/09/2019;21:59:00;651,2;BR-376/PR;Norte;Saida de Pista;1;2;;;;
21/09/2019;09:17:00;624,101;BR-376/PR;Norte;Saida de Pista;1;1;;;;
23/09/2019;02:42:00;84,888;BR-101/SC;Sul;Tombamento;1;2;;;;
24/09/2019;02:49:00;90,01;BR-116/PR;Sul;Saida de Pista;1;1;;;;
24/09/2019;18:15:00;84,001;BR-116/PR;Norte;Saida de Pista;1;1;;;;
26/09/2019;05:13:00;667,665;BR-376/PR;Sul;Tombamento;1;0;2;;;
27/09/2019;20:15:00;665,234;BR-376/PR;Norte;Saida de Pista;1;1;;;;
30/09/2019;23:21:00;231,4;BR-101/SC;Sul;Tombamento;1;1;;;;
02/10/2019;05:36:00;125,001;BR-101/SC;Sul;Saida de Pista;1;1;;;;
02/10/2019;09:45:00;625,757;BR-376/PR;Sul;Tombamento;1;1;;;;
02/10/2019;10:55:00;650,792;BR-376/PR;Sul;Saida de Pista;1;1;;;;
03/10/2019;01:39:00;668,529;BR-376/PR;Sul;Saida de Pista;1;3;;;;
03/10/2019;13:59:00;106,93;BR-116/PR;Sul;Saida de Pista;1;0;2;;;
03/10/2019;22:36:00;671,7;BR-376/PR;Sul;Saida de Pista;1;1;;;;
04/10/2019;20:07:00;68,16;BR-101/SC;Sul;Saida de Pista;1;1;;;;
06/10/2019;01:22:00;230,415;BR-101/SC;Sul;Saida de Pista;1;1;;;;
06/10/2019;19:11:00;138,496;BR-101/SC;Norte;Saida de Pista;1;1;;;;
07/10/2019;03:43:00;193,114;BR-101/SC;Norte;Tombamento;1;1;;;;
07/10/2019;09:58:00;174,001;BR-101/SC;Sul;Tombamento;1;1;;;;
08/10/2019;09:42:00;671,5;BR-376/PR;Sul;Saida de Pista;1;1;;;;
08/10/2019;11:44:00;114,747;BR-116/PR;Norte;Saida de Pista;1;1;;;;
08/10/2019;13:13:00;617,944;BR-376/PR;Norte;Saida de Pista;1;1;;;;
08/10/2019;17:41:00;671,7;BR-376/PR;Sul;Saida de Pista;1;1;;;;
09/10/2019;06:53:00;175,02;BR-101/SC;Norte;Tombamento;1;1;;;;
10/10/2019;14:07:00;204,5;BR-101/SC;Norte;Saida de Pista;1;3;;;;
10/10/2019;14:07:00;671,7;BR-376/PR;Norte;Saida de Pista;1;1;;;;
14/10/2019;05:11:00;175,516;BR-101/SC;Norte;Saida de Pista;1;1;;;;
14/10/2019;11:46:00;110,77;BR-101/SC;Sul;Tombamento;1;1;;;;
14/10/2019;22:33:00;647,3;BR-376/PR;Norte;Saida de Pista;1;1;;;;
15/10/2019;12:31:00;68,623;BR-101/SC;Norte;Saida de Pista;1;2;1;;;
15/10/2019;14:02:00;48,002;BR-101/SC;Norte;Saida de Pista;1;1;;;;
15/10/2019;17:32:00;110,5;BR-116/PR;Sul;Saida de Pista;1;1;1;;;
17/10/2019;01:43:00;89,8;BR-116/PR;Sul;Saida de Pista;1;1;;;;
17/10/2019;08:30:00;191,111;BR-101/SC;Sul;Capotamento;2;3;;;;
17/10/2019;13:26:00;206,765;BR-101/SC;Sul;Saida de Pista;1;1;1;;;
18/10/2019;09:22:00;664,499;BR-376/PR;Sul;Saida de Pista;1;1;;;;
19/10/2019;02:07:00;670,8;BR-376/PR;Norte;Tombamento;1;1;;;;
21/10/2019;17:08:00;671,7;BR-376/PR;Sul;Saida de Pista;1;1;;;;
22/10/2019;11:41:00;98,083;BR-101/SC;Norte;Tombamento;1;1;;;;
23/10/2019;14:21:00;113,809;BR-116/PR;Norte;Saida de Pista;1;1;;;;
24/10/2019;03:45:00;654,901;BR-376/PR;Norte;Tombamento;1;1;;;;
25/10/2019;19:46:00;108,101;BR-116/PR;Norte;Saida de Pista;1;1;;;;
27/10/2019;00:39:00;46,95;BR-101/SC;Sul;Saida de Pista;1;1;;;;
27/10/2019;19:25:00;669,002;BR-376/PR;Norte;Saida de Pista;1;2;;;;
27/10/2019;23:21:00;110,374;BR-101/SC;Norte;Saida de Pista;1;1;;;;
02/12/2019;13:47:00;671,7;BR-376/PR;Sul;Saida de Pista;1;1;;;;
03/12/2019;17:24:00;679,5;BR-376/PR;Sul;Tombamento;1;1;;;;
04/12/2019;01:59:00;667,3;BR-376/PR;Sul;Saida de Pista;1;2;;;;
04/12/2019;04:11:00;218,851;BR-101/SC;Sul;Tombamento;1;1;;;;
04/12/2019;09:06:00;52,752;BR-101/SC;Sul;Saida de Pista;1;1;;;;
05/12/2019;04:49:00;82,15;BR-116/PR;Norte;Tombamento;1;2;;;;
06/12/2019;02:01:00;153,84;BR-101/SC;Sul;Saida de Pista;1;1;;;;
06/12/2019;12:53:00;46,687;BR-101/SC;Norte;Capotamento;1;2;;;;
07/12/2019;13:52:00;671,7;BR-376/PR;Sul;Saida de Pista;1;1;;;;
09/12/2019;12:23:00;621,1;BR-376/PR;Norte;Saida de Pista;1;2;;;;
09/12/2019;19:25:00;33,529;BR-101/SC;Norte;Tombamento;1;1;;;;
10/12/2019;06:32:00;667,3;BR-376/PR;Sul;Saida de Pista;1;1;;;;
11/12/2019;05:09:00;650,763;BR-376/PR;Sul;Tombamento;1;1;;;;
11/12/2019;12:53:00;667,3;BR-376/PR;Sul;Saida de Pista;1;1;;;;
12/12/2019;09:45:00;667,3;BR-376/PR;Sul;Saida de Pista;1;1;;;;
12/12/2019;15:51:00;189,949;BR-101/SC;Sul;Saida de Pista;1;1;;;;
12/12/2019;17:30:00;99,269;BR-116/PR;Sul;Saida de Pista;1;1;;;;
13/12/2019;16:47:00;671,7;BR-376/PR;Sul;Saida de Pista;1;1;;;;
15/12/2019;16:06:00;667,3;BR-376/PR;Sul;Saida de Pista;1;1;;;;
16/12/2019;11:57:00;107,2;BR-116/PR;Norte;Saida de Pista;1;1;;;;
16/12/2019;12:04:00;109,12;BR-116/PR;Norte;Saida de Pista;1;1;;;;
16/12/2019;18:12:00;216,325;BR-101/SC;Norte;Saida de Pista;1;1;;;;
16/12/2019;22:25:00;111,268;BR-116/PR;Norte;Saida de Pista;1;1;;;;
17/12/2019;12:25:00;133,001;BR-101/SC;Sul;Saida de Pista;1;1;;;;
18/12/2019;01:20:00;99,9;BR-116/PR;Sul;Tombamento;1;1;;;;
18/12/2019;01:25:00;645,2;BR-376/PR;Norte;Tombamento;1;1;;;;
18/12/2019;06:41:00;57,3;BR-101/SC;Norte;Tombamento;1;1;;;;
19/12/2019;11:04:00;671,7;BR-376/PR;Sul;Saida de Pista;1;1;;;;
19/12/2019;18:53:00;664,8;BR-376/PR;Sul;Tombamento;2;2;;;;
22/12/2019;03:09:00;671,7;BR-376/PR;Sul;Saida de Pista;1;1;;;;
24/12/2019;01:15:00;112,001;BR-101/SC;Norte;Saida de Pista;1;1;;;;
24/12/2019;14:05:00;665,438;BR-376/PR;Sul;Tombamento;1;0;;1;;
25/12/2019;05:15:00;212,8;BR-101/SC;Norte;Saida de Pista;1;1;2;;;
25/12/2019;14:17:00;193,961;BR-101/SC;Norte;Saida de Pista;1;2;;;;
25/12/2019;17:55:00;655,684;BR-376/PR;Norte;Tombamento;1;0;1;;;
27/12/2019;21:30:00;671,7;BR-376/PR;Sul;Saida de Pista;1;1;;;;
27/12/2019;23:58:00;667,3;BR-376/PR;Sul;Saida de Pista;1;1;;;;
28/12/2019;07:45:00;111,628;BR-101/SC;Sul;Tombamento;1;1;;;;
28/12/2019;09:42:00;97,593;BR-116/PR;Sul;Saida de Pista;1;1;;;;
01/11/2019;15:42:00;8,12;BR-101/SC;Sul;Saida de Pista;1;1;;;;
01/11/2019;18:26:00;12,12;BR-101/SC;Sul;Saida de Pista;1;1;;;;
01/11/2019;22:27:00;106,65;BR-116/PR;Sul;Saida de Pista;1;1;;;;
03/11/2019;14:37:00;635,18;BR-376/PR;Sul;Tombamento;1;1;;;;
03/11/2019;14:56:00;620,002;BR-376/PR;Sul;Saida de Pista;1;1;;;;
04/11/2019;06:41:00;111,068;BR-116/PR;Norte;Saida de Pista;1;1;;;;
05/11/2019;20:23:00;1,23;BR-101/SC;Sul;Saida de Pista;1;1;;;;
06/11/2019;17:30:00;107,606;BR-116/PR;Sul;Saida de Pista;1;0;1;;;
08/11/2019;09:32:00;112,104;BR-101/SC;Sul;Capotamento;1;1;1;;;
10/11/2019;23:34:00;671,3;BR-376/PR;Sul;Tombamento;1;1;;;;
11/11/2019;11:16:00;115,811;BR-101/SC;Norte;Tombamento;1;2;;;;
11/11/2019;12:49:00;114,8;BR-116/PR;Norte;Saida de Pista;1;1;;;;
11/11/2019;21:31:00;91,7;BR-101/SC;Sul;Saida de Pista;1;0;1;;;
12/11/2019;01:10:00;3,8;BR-101/SC;Sul;Tombamento;1;0;;1;;
12/11/2019;06:45:00;130,231;BR-101/SC;Norte;Capotamento;1;2;;;;
14/11/2019;01:55:00;638,901;BR-376/PR;Norte;Saida de Pista;1;1;;;;
16/11/2019;09:17:00;667,3;BR-376/PR;Sul;Saida de Pista;1;1;;;;
16/11/2019;23:45:00;184,7;BR-101/SC;Norte;Saida de Pista;2;5;;;;
19/11/2019;15:06:00;113,766;BR-116/PR;Norte;Saida de Pista;1;2;;;;
24/11/2019;05:00:00;162,095;BR-101/SC;Norte;Tombamento;1;1;1;;;
27/11/2019;04:39:00;627,176;BR-376/PR;Sul;Saida de Pista;1;1;;;;
27/11/2019;06:03:00;671,7;BR-376/PR;Sul;Saida de Pista;1;1;;;;
27/11/2019;08:38:00;650,318;BR-376/PR;Norte;Saida de Pista;1;0;1;;;
27/11/2019;14:11:00;104,323;BR-116/PR;Norte;Saida de Pista;1;1;;;;
27/11/2019;14:11:00;105,791;BR-116/PR;Norte;Saida de Pista;1;1;;;;
27/11/2019;16:01:00;103,744;BR-116/PR;Sul;Tombamento;1;1;;;;
29/11/2019;05:48:00;667,3;BR-376/PR;Sul;Saida de Pista;1;1;;;;
30/11/2019;04:16:00;664,7;BR-376/PR;Norte;Saida de Pista;1;1;;;;
30/11/2019;19:34:00;667,3;BR-376/PR;Sul;Saida de Pista;1;1;;;;
01/03/2020;10:16:00;667,3;BR-376/PR;Sul;Saida de Pista;1;1;;;;
02/03/2020;14:28:00;653,603;BR-376/PR;Norte;Saida de Pista;1;0;2;;;