data;horario;km;trecho;sentido;tipo_de_acidente;caminhao;ilesos;levemente_feridos;moderadamente_feridos;gravemente_feridos;mortos
03/03/2020;15:36:00;671,7;BR-376/PR;Sul;Saida de Pista;1;1;;;;
03/03/2020;15:36:00;671,7;BR-376/PR;Sul;Saida de Pista;1;1;;;;
04/03/2020;08:08:00;657,154;BR-376/PR;Sul;Tombamento;1;1;;;;
04/03/2020;08:08:00;657,154;BR-376/PR;Sul;Tombamento;1;1;;;;
04/03/2020;09:56:00;108,928;BR-116/PR;Sul;Tombamento;1;1;;;;
04/03/2020;09:56:00;108,928;BR-116/PR;Sul;Tombamento;1;1;;;;
05/03/2020;07:57:00;109,712;BR-116/PR;Sul;Saida de Pista;1;1;;;;
05/03/2020;07:57:00;109,712;BR-116/PR;Sul;Saida de Pista;1;1;;;;
09/03/2020;00:34:00;18,701;BR-101/SC;Norte;Tombamento;1;1;;;;
09/03/2020;09:01:00;671,7;BR-376/PR;Sul;Saida de Pista;1;1;;;;
11/03/2020;03:58:00;72,59;BR-116/PR;Norte;Saida de Pista;1;0;1;;;
13/03/2020;18:23:00;657;BR-376/PR;Sul;Saida de Pista;1;1;;;;
13/03/2020;20:28:00;207,002;BR-101/SC;Sul;Saida de Pista;1;1;;;;
14/03/2020;13:38:00;659,8;BR-376/PR;Sul;Saida de Pista;1;1;;;;
14/03/2020;19:29:00;122,8;BR-101/SC;Norte;Tombamento;1;0;1;;;
14/03/2020;21:10:00;105,8;BR-116/PR;Norte;Saida de Pista;1;2;;;;
15/03/2020;20:09:00;84,396;BR-116/PR;Norte;Tombamento;1;1;;;;
16/03/2020;16:56:00;630,169;BR-376/PR;Sul;Tombamento;1;1;;;;
17/03/2020;03:11:00;121,148;BR-101/SC;Norte;Capotamento;1;1;1;1;;
17/03/2020;04:47:00;174,445;BR-101/SC;Norte;Saida de Pista;1;1;;;;
18/03/2020;01:59:00;139,001;BR-101/SC;Sul;Tombamento;1;1;1;;;
18/03/2020;17:22:00;186,739;BR-101/SC;Norte;Saida de Pista;1;1;;;;
19/03/2020;00:13:00;624,3;BR-376/PR;Norte;Tombamento;1;1;;;;
19/03/2020;01:25:00;236,889;BR-101/SC;Sul;Saida de Pista;1;1;;;;
20/03/2020;17:51:00;660,1;BR-376/PR;Sul;Saida de Pista;1;1;;;;
27/03/2020;08:43:00;108,576;BR-116/PR;Sul;Saida de Pista;1;0;1;;;
28/03/2020;13:51:00;614,77;BR-376/PR;Norte;Saida de Pista;1;0;;1;;
01/01/2020;18:04:00;667,3;BR-376/PR;Sul;Saida de Pista;1;1;;;;
03/01/2020;01:28:00;236,751;BR-101/SC;Sul;Saida de Pista;1;1;;;;
03/01/2020;06:18:00;625,777;BR-376/PR;Norte;Tombamento;1;1;;;;
03/01/2020;06:32:00;130,565;BR-101/SC;Sul;Tombamento;1;1;;;;
04/01/2020;05:55:00;46,8;BR-101/SC;Sul;Saida de Pista;1;1;;;;
04/01/2020;05:55:00;46,8;BR-101/SC;Sul;Saida de Pista;1;1;;;;
08/01/2020;18:17:00;671,7;BR-376/PR;Sul;Saida de Pista;1;1;;;;
09/01/2020;01:56:00;652,6;BR-376/PR;Sul;Tombamento;2;1;1;;;
10/01/2020;18:20:00;101,722;BR-116/PR;Sul;Saida de Pista;1;2;;;;
13/01/2020;19:46:00;69,813;BR-101/SC;Norte;Capotamento;1;2;;;;
14/01/2020;10:13:00;114,7;BR-116/PR;Norte;Saida de Pista;1;1;;;;
15/01/2020;17:35:00;237,716;BR-101/SC;Sul;Saida de Pista;1;1;;;;
15/01/2020;18:47:00;101,1;BR-116/PR;Norte;Saida de Pista;1;1;;;;
16/01/2020;08:13:00;126,001;BR-101/SC;Sul;Saida de Pista;1;2;;;;
17/01/2020;08:29:00;667,3;BR-376/PR;Sul;Saida de Pista;1;1;;;;
17/01/2020;10:42:00;671,701;BR-376/PR;Sul;Saida de Pista;1;1;;;;
17/01/2020;14:52:00;57,2;BR-101/SC;Norte;Saida de Pista;1;1;;;;
17/01/2020;20:36:00;666,225;BR-376/PR;Sul;Tombamento;1;1;;;;
22/01/2020;14:54:00;121,851;BR-101/SC;Norte;Tombamento;1;1;;;;
23/01/2020;15:47:00;674,515;BR-376/PR;Sul;Saida de Pista;1;1;;;;
23/01/2020;21:15:00;674,337;BR-376/PR;Norte;Tombamento;1;2;1;;;
25/01/2020;01:15:00;614,598;BR-376/PR;Sul;Saida de Pista;1;0;1;;;
27/01/2020;02:42:00;667,3;BR-376/PR;Sul;Saida de Pista;1;1;;;;
29/01/2020;09:43:00;112,014;BR-101/SC;Sul;Tombamento;1;1;;;;
29/01/2020;18:37:00;679,001;BR-376/PR;Sul;Saida de Pista;1;1;;;;
29/01/2020;18:50:00;102,74;BR-116/PR;Sul;Saida de Pista;1;1;;;;
31/01/2020;13:09:00;186,551;BR-101/SC;Norte;Saida de Pista;1;0;1;;;
31/01/2020;13:30:00;665,033;BR-376/PR;Sul;Saida de Pista;1;0;1;;;
01/02/2020;02:36:00;88,768;BR-101/SC;Norte;Tombamento;1;1;;;;
03/02/2020;00:30:00;665,5;BR-376/PR;Sul;Tombamento;1;1;;;;
03/02/2020;11:13:00;34,209;BR-101/SC;Norte;Tombamento;1;1;;;;
03/02/2020;12:35:00;673,32;BR-376/PR;Sul;Saida de Pista;1;1;;;;
03/02/2020;21:53:00;674,6;BR-376/PR;Norte;Tombamento;1;4;;;;
04/02/2020;12:23:00;57,473;BR-101/SC;Norte;Tombamento;1;1;;;;
05/02/2020;12:22:00;667,3;BR-376/PR;Sul;Saida de Pista;1;1;;;;
05/02/2020;16:01:00;61,8;BR-101/SC;Norte;Saida de Pista;1;1;;;;
05/02/2020;16:33:00;132,33;BR-101/SC;Sul;Tombamento;1;1;;;;
06/02/2020;07:38:00;44,526;BR-101/SC;Norte;Tombamento;1;2;1;;;
06/02/2020;09:54:00;114,001;BR-101/SC;Sul;Saida de Pista;1;1;;;;
06/02/2020;11:40:00;191,035;BR-101/SC;Norte;Saida de Pista;1;2;;;;
06/02/2020;11:55:00;121,679;BR-101/SC;Norte;Saida de Pista;1;1;;;;
06/02/2020;16:16:00;110,822;BR-116/PR;Sul;Saida de Pista;1;1;;;;
06/02/2020;21:45:00;627,046;BR-376/PR;Norte;Tombamento;1;1;;;;
07/02/2020;06:45:00;52,132;BR-101/SC;Sul;Saida de Pista;1;1;;;;
07/02/2020;16:15:00;100,263;BR-116/PR;Sul;Tombamento;1;0;;;;1
07/02/2020;21:38:00;653,688;BR-376/PR;Norte;Tombamento;1;2;;;;
08/02/2020;13:10:00;671,7;BR-376/PR;Sul;Saida de Pista;1;1;;;;
08/02/2020;15:28:00;660,397;BR-376/PR;Norte;Tombamento;1;2;;;;
08/02/2020;17:20:00;116,501;BR-101/SC;Norte;Saida de Pista;1;1;1;;;
09/02/2020;16:36:00;665,301;BR-376/PR;Sul;Saida de Pista;1;1;;;;
10/02/2020;09:49:00;667,3;BR-376/PR;Sul;Saida de Pista;1;1;;;;
14/02/2020;03:46:00;677,1;BR-376/PR;Norte;Saida de Pista;1;1;;;;
14/02/2020;09:29:00;667,3;BR-376/PR;Sul;Saida de Pista;1;1;;;;
16/02/2020;14:09:00;187,835;BR-101/SC;Sul;Capotamento;1;2;;;;
17/02/2020;19:29:00;202,001;BR-101/SC;Norte;Saida de Pista;1;2;;;;
19/02/2020;13:35:00;158,855;BR-101/SC;Norte;Tombamento;1;1;;;;
20/02/2020;06:18:00;676,697;BR-376/PR;Norte;Tombamento;1;0;1;;;
22/02/2020;07:03:00;113,339;BR-116/PR;Sul;Tombamento;2;1;1;;;
25/02/2020;19:01:00;138,6;BR-101/SC;Sul;Tombamento;1;1;;;;
27/02/2020;17:09:00;619,788;BR-376/PR;Sul;Tombamento;1;1;;;;
01/04/2020;14:02:00;112,301;BR-116/PR;Norte;Tombamento;1;2;;;;
04/04/2020;06:48:00;667,3;BR-376/PR;Sul;Saida de Pista;1;2;;;;
04/04/2020;15:41:00;667,3;BR-376/PR;Sul;Saida de Pista;1;1;;;;
06/04/2020;11:47:00;39,001;BR-101/SC;Sul;Saida de Pista;1;1;;;;
06/04/2020;15:32:00;653,51;BR-376/PR;Norte;Saida de Pista;1;2;;;;
06/04/2020;16:48:00;115,001;BR-101/SC;Norte;Saida de Pista;1;1;;;;
07/04/2020;00:39:00;73,6;BR-116/PR;Norte;Saida de Pista;1;1;;;;
09/04/2020;09:32:00;671,7;BR-376/PR;Sul;Saida de Pista;1;1;;;;
09/04/2020;21:49:00;215,001;BR-101/SC;Sul;Saida de Pista;1;2;;;;
13/04/2020;12:17:00;73,1;BR-116/PR;Sul;Tombamento;1;1;;;;
14/04/2020;04:40:00;175,48;BR-101/SC;Sul;Tombamento;1;1;;;;
15/04/2020;09:20:00;677,4;BR-376/PR;Sul;Saida de Pista;1;1;;;;
15/04/2020;11:03:00;671,7;BR-376/PR;Sul;Saida de Pista;1;1;;;;
18/04/2020;10:04:00;106,086;BR-116/PR;Sul;Tombamento;1;1;;;;
19/04/2020;12:45:00;667,3;BR-376/PR;Sul;Saida de Pista;1;1;;;;
20/04/2020;18:36:00;667,3;BR-376/PR;Sul;Saida de Pista;1;1;;;;
21/04/2020;16:24:00;671,7;BR-376/PR;Sul;Saida de Pista;1;1;;;;
24/04/2020;12:28:00;58,5;BR-101/SC;Norte;Tombamento;1;1;;;;
25/04/2020;00:50:00;667,3;BR-376/PR;Sul;Saida de Pista;1;1;;;;
25/04/2020;06:09:00;667,812;BR-376/PR;Norte;Tombamento;1;1;;;;
28/04/2020;02:40:00;632,923;BR-376/PR;Norte;Saida de Pista;1;1;;;;
06/05/2020;07:52:00;105,812;BR-116/PR;Sul;Tombamento;1;2;;;;
07/05/2020;10:44:00;667,3;BR-376/PR;Sul;Saida de Pista;1;1;;;;
09/05/2020;12:57:00;614,829;BR-376/PR;Norte;Tombamento;1;1;;;;
09/05/2020;17:49:00;646,566;BR-376/PR;Norte;Saida de Pista;1;0;1;;;
12/05/2020;18:15:00;86,316;BR-116/PR;Norte;Saida de Pista;1;1;;;;
13/05/2020;17:42:00;667,3;BR-376/PR;Sul;Saida de Pista;1;2;;;;
17/05/2020;15:11:00;243,621;BR-101/SC;Norte;Saida de Pista;1;1;;;;
18/05/2020;15:42:00;618,12;BR-376/PR;Sul;Saida de Pista;1;1;;;;
19/05/2020;23:59:00;111,003;BR-101/SC;Sul;Saida de Pista;1;1;;;;
20/05/2020;06:42:00;671,7;BR-376/PR;Sul;Saida de Pista;1;2;;;;
20/05/2020;16:10:00;88,688;BR-116/PR;Sul;Tombamento;1;1;;;;
25/05/2020;23:00:00;664,14;BR-376/PR;Norte;Tombamento;1;0;;1;;
28/05/2020;20:58:00;666,658;BR-376/PR;Sul;Saida de Pista;1;1;;;;
29/05/2020;08:10:00;667,3;BR-376/PR;Sul;Saida de Pista;1;1;;;;
05/06/2020;01:23:00;37,4;BR-101/SC;Norte;Tombamento;1;1;;;;
05/06/2020;22:31:00;240,558;BR-101/SC;Sul;Saida de Pista;1;0;;1;;
06/06/2020;03:05:00;18,001;BR-101/SC;Sul;Saida de Pista;1;1;;;;
06/06/2020;12:13:00;667,3;BR-376/PR;Sul;Saida de Pista;1;1;;;;
06/06/2020;12:29:00;667,3;BR-376/PR;Sul;Saida de Pista;1;1;;;;
07/06/2020;06:57:00;105,156;BR-101/SC;Sul;Tombamento;1;1;;;;
07/06/2020;14:43:00;114,866;BR-116/PR;Norte;Saida de Pista;1;0;1;;;
08/06/2020;09:20:00;638,962;BR-376/PR;Norte;Saida de Pista;1;0;2;;;
09/06/2020;02:26:00;667,3;BR-376/PR;Sul;Saida de Pista;1;1;;;;
09/06/2020;10:23:00;623,784;BR-376/PR;Norte;Tombamento;1;1;;;;
10/06/2020;08:29:00;675,5;BR-376/PR;Norte;Saida de Pista;1;1;;;;
12/06/2020;00:37:00;668,303;BR-376/PR;Sul;Tombamento;1;1;;;;
14/06/2020;18:26:00;653,517;BR-376/PR;Norte;Saida de Pista;1;5;1;;;
16/06/2020;16:37:00;135,462;BR-101/SC;Norte;Saida de Pista;1;1;;;;
22/06/2020;05:46:00;667,3;BR-376/PR;Sul;Saida de Pista;1;2;;;;
22/06/2020;17:31:00;644,151;BR-376/PR;Norte;Tombamento;1;2;;;;
23/06/2020;09:28:00;109,177;BR-116/PR;Sul;Saida de Pista;1;1;;;;
23/06/2020;20:08:00;668,585;BR-376/PR;Sul;Tombamento;1;0;1;;;
24/06/2020;13:51:00;57,597;BR-101/SC;Norte;Tombamento;1;0;;1;;
25/06/2020;13:10:00;56,069;BR-101/SC;Sul;Saida de Pista;1;3;;;;
27/06/2020;05:06:00;213,037;BR-101/SC;Sul;Tombamento;1;1;;;;
30/06/2020;07:18:00;652,3;BR-376/PR;Norte;Tombamento;1;1;;;;
30/06/2020;16:22:00;97,01;BR-101/SC;Sul;Saida de Pista;1;1;;;;
30/06/2020;16:50:00;624,39;BR-376/PR;Norte;Saida de Pista;1;2;;;;
30/06/2020;16:56:00;89,001;BR-116/PR;Sul;Saida de Pista;1;1;;;;
30/06/2020;17:03:00;6,2;BR-101/SC;Norte;Tombamento;1;1;;;;
30/06/2020;19:11:00;7,3;BR-101/SC;Sul;Tombamento;1;1;;;;
30/06/2020;20:59:00;6,75;BR-101/SC;Sul;Tombamento;1;1;;;;
01/07/2020;11:42:00;667,3;BR-376/PR;Sul;Saida de Pista;1;1;;;;
02/07/2020;22:03:00;97,829;BR-101/SC;Sul;Saida de Pista;1;2;;;;
03/07/2020;13:50:00;631,844;BR-376/PR;Sul;Saida de Pista;1;2;;;;
03/07/2020;16:54:00;665,507;BR-376/PR;Sul;Tombamento;1;0;;1;;
06/07/2020;10:40:00;127,18;BR-101/SC;Norte;Saida de Pista;1;1;;;;
07/07/2020;10:46:00;667,3;BR-376/PR;Sul;Saida de Pista;1;1;;;;
07/07/2020;19:07:00;660,596;BR-376/PR;Sul;Tombamento;1;1;;1;;
07/07/2020;20:34:00;52,202;BR-101/SC;Sul;Saida de Pista;1;1;;;;
08/07/2020;03:12:00;217,53;BR-101/SC;Sul;Saida de Pista;1;1;;;;
08/07/2020;10:56:00;667,3;BR-376/PR;Sul;Saida de Pista;1;1;;;;
09/07/2020;12:15:00;667,3;BR-376/PR;Sul;Saida de Pista;1;1;;;;
14/07/2020;17:37:00;667,3;BR-376/PR;Sul;Saida de Pista;1;1;;;;
15/07/2020;08:09:00;666,236;BR-376/PR;Norte;Saida de Pista;1;1;;;;
15/07/2020;19:43:00;99,192;BR-101/SC;Sul;Saida de Pista;1;1;;;;
16/07/2020;10:30:00;127,114;BR-101/SC;Norte;Saida de Pista;1;1;1;;;
18/07/2020;19:25:00;42,115;BR-101/SC;Sul;Saida de Pista;1;1;;;;
19/07/2020;15:30:00;671,7;BR-376/PR;Sul;Saida de Pista;1;1;;;;
21/07/2020;04:39:00;668,518;BR-376/PR;Sul;Tombamento;1;1;;;;
23/07/2020;09:18:00;109,459;BR-116/PR;Norte;Saida de Pista;1;1;;;;
23/07/2020;12:38:00;667,3;BR-376/PR;Sul;Saida de Pista;1;1;;;;
23/07/2020;19:53:00;110,631;BR-101/SC;Norte;Tombamento;1;1;;;;
24/07/2020;13:29:00;671,7;BR-376/PR;Sul;Saida de Pista;1;1;;;;
26/07/2020;18:22:00;73,42;BR-116/PR;Sul;Saida de Pista;1;1;1;;;
27/07/2020;15:05:00;95,626;BR-101/SC;Sul;Capotamento;1;1;1;;;
27/07/2020;16:15:00;665,825;BR-376/PR;Sul;Saida de Pista;1;2;;;;
29/07/2020;10:55:00;657,543;BR-376/PR;Norte;Saida de Pista;1;2;;;;
29/07/2020;15:35:00;667,3;BR-376/PR;Sul;Saida de Pista;1;2;;;;
31/07/2020;20:43:00;654,244;BR-376/PR;Norte;Saida de Pista;1;2;;;;
01/08/2020;09:42:00;672,654;BR-376/PR;Sul;Saida de Pista;1;1;;;;
01/08/2020;16:04:00;676,414;BR-376/PR;Norte;Tombamento;1;1;;;;
01/08/2020;17:53:00;637,592;BR-376/PR;Sul;Saida de Pista;1;2;1;;;
02/08/2020;01:06:00;671,7;BR-376/PR;Sul;Saida de Pista;1;2;;;;
03/08/2020;04:31:00;103,125;BR-116/PR;Norte;Tombamento;1;2;;;;
03/08/2020;17:49:00;107,811;BR-116/PR;Sul;Tombamento;1;1;;;;
04/08/2020;13:49:00;644,306;BR-376/PR;Sul;Saida de Pista;1;1;;;;
04/08/2020;16:15:00;654,514;BR-376/PR;Sul;Tombamento;1;1;;;;
04/08/2020;20:11:00;665,464;BR-376/PR;Norte;Saida de Pista;1;1;;;;
05/08/2020;07:53:00;57,4;BR-101/SC;Norte;Tombamento;1;1;;;;
05/08/2020;15:44:00;658,98;BR-376/PR;Norte;Saida de Pista;1;1;;;;
08/08/2020;09:11:00;175,055;BR-101/SC;Norte;Tombamento;1;0;2;;;
10/08/2020;14:38:00;221,984;BR-101/SC;Sul;Saida de Pista;1;2;;;;
10/08/2020;17:09:00;667,3;BR-376/PR;Sul;Saida de Pista;1;1;;;;
11/08/2020;02:36:00;653,1;BR-376/PR;Norte;Saida de Pista;1;1;;;;
11/08/2020;04:53:00;667,3;BR-376/PR;Sul;Saida de Pista;1;1;;;;
12/08/2020;15:06:00;72,876;BR-116/PR;Sul;Tombamento;1;1;;;;
14/08/2020;06:42:00;650,716;BR-376/PR;Sul;Tombamento;1;1;1;1;;
15/08/2020;06:54:00;675,892;BR-376/PR;Sul;Saida de Pista;1;0;1;;;
17/08/2020;10:10:00;56,294;BR-101/SC;Sul;Saida de Pista;1;1;;;;
17/08/2020;18:49:00;627,072;BR-376/PR;Sul;Saida de Pista;1;1;;;;
18/08/2020;15:58:00;114,551;BR-116/PR;Norte;Tombamento;1;1;;;;
19/08/2020;05:26:00;667,3;BR-376/PR;Sul;Saida de Pista;1;1;1;;;
19/08/2020;06:00:00;74,504;BR-116/PR;Sul;Saida de Pista;1;1;;;;
20/08/2020;05:29:00;187,55;BR-101/SC;Sul;Saida de Pista;1;1;;;;
20/08/2020;11:57:00;57,525;BR-101/SC;Sul;Tombamento;1;1;;;;
20/08/2020;18:09:00;110,932;BR-116/PR;Sul;Saida de Pista;1;2;;;;
21/08/2020;04:27:00;667,3;BR-376/PR;Sul;Saida de Pista;1;2;;;;
21/08/2020;11:27:00;99,5;BR-116/PR;Sul;Saida de Pista;1;1;;;;
23/08/2020;10:15:00;674,117;BR-376/PR;Sul;Tombamento;1;1;;;;
23/08/2020;17:44:00;671,074;BR-376/PR;Norte;Saida de Pista;1;1;;;;
24/08/2020;14:53:00;652,468;BR-376/PR;Norte;Tombamento;1;3;;;;
25/08/2020;14:18:00;102,867;BR-101/SC;Sul;Saida de Pista;1;1;;;;
25/08/2020;17:04:00;667,3;BR-376/PR;Sul;Saida de Pista;1;1;;;;
26/08/2020;09:18:00;654,067;BR-376/PR;Norte;Tombamento;1;1;;;;
26/08/2020;10:01:00;671,7;BR-376/PR;Sul;Saida de Pista;1;1;;;;
28/08/2020;06:22:00;95,35;BR-116/PR;Sul;Saida de Pista;1;1;;;;
29/08/2020;08:54:00;38,001;BR-101/SC;Sul;Saida de Pista;1;1;;;;
01/09/2020;18:15:00;11,289;BR-101/SC;Sul;Saida de Pista;1;1;;;;
02/09/2020;03:17:00;670,659;BR-376/PR;Norte;Saida de Pista;1;1;;;;
02/09/2020;19:07:00;665,744;BR-376/PR;Sul;Saida de Pista;1;1;;;;
04/09/2020;13:28:00;673,366;BR-376/PR;Sul;Tombamento;2;1;;1;;
04/09/2020;20:07:00;110,118;BR-116/PR;Sul;Saida de Pista;1;1;;;;
05/09/2020;05:22:00;70,135;BR-101/SC;Sul;Saida de Pista;1;1;;;;
06/09/2020;09:04:00;667,3;BR-376/PR;Sul;Saida de Pista;1;1;;;;
06/09/2020;12:47:00;667,3;BR-376/PR;Sul;Saida de Pista;1;1;;;;
07/09/2020;13:46:00;108,001;BR-116/PR;Sul;Saida de Pista;1;1;;;;
08/09/2020;15:48:00;117,1;BR-101/SC;Norte;Saida de Pista;1;0;1;;;
09/09/2020;07:41:00;109,13;BR-116/PR;Sul;Saida de Pista;1;1;;;;
10/09/2020;20:50:00;650,808;BR-376/PR;Sul;Tombamento;1;1;;1;;
11/09/2020;13:21:00;70,902;BR-101/SC;Sul;Tombamento;1;1;;;;
11/09/2020;13:57:00;667,3;BR-376/PR;Sul;Saida de Pista;1;1;;;;
13/09/2020;21:41:00;42,098;BR-101/SC;Sul;Saida de Pista;1;1;;;;
14/09/2020;02:40:00;627,96;BR-376/PR;Norte;Tombamento;1;0;1;;;
18/09/2020;02:48:00;78,82;BR-116/PR;Norte;Saida de Pista;1;1;;;;
19/09/2020;15:53:00;671,7;BR-376/PR;Sul;Saida de Pista;1;1;;;;
19/09/2020;19:36:00;103,111;BR-116/PR;Sul;Saida de Pista;1;1;;1;;
20/09/2020;09:48:00;667,3;BR-376/PR;Sul;Saida de Pista;1;1;;;;
21/09/2020;14:02:00;652,532;BR-376/PR;Norte;Saida de Pista;3;5;1;2;;
21/09/2020;23:39:00;97,5;BR-101/SC;Norte;Saida de Pista;1;1;;;;
22/09/2020;14:28:00;98,228;BR-116/PR;Norte;Tombamento;1;0;1;;;
24/09/2020;01:31:00;665,1;BR-376/PR;Norte;Tombamento;1;1;;;;
26/09/2020;19:50:00;18,687;BR-101/SC;Sul;Tombamento;1;1;;;;
27/09/2020;03:06:00;89,803;BR-116/PR;Sul;Tombamento;1;1;;;;
28/09/2020;05:33:00;142,286;BR-101/SC;Sul;Capotamento;1;5;;;;
29/09/2020;15:05:00;189,934;BR-101/SC;Sul;Saida de Pista;1;2;;;;
30/09/2020;17:29:00;109,517;BR-116/PR;Norte;Saida de Pista;1;2;;;;
01/10/2020;16:52:00;101,9;BR-116/PR;Sul;Saida de Pista;1;1;;;;
03/10/2020;09:30:00;3,5;BR-101/SC;Sul;Saida de Pista;1;1;;;;
03/10/2020;14:18:00;664,121;BR-376/PR;Sul;Saida de Pista;1;1;;;;
05/10/2020;11:53:00;161,342;BR-101/SC;Sul;Tombamento;1;1;;;;
05/10/2020;14:24:00;191,055;BR-101/SC;Sul;Saida de Pista;1;2;;;;
05/10/2020;15:08:00;145,191;BR-101/SC;Norte;Saida de Pista;1;1;;;;
05/10/2020;19:54:00;162,125;BR-101/SC;Sul;Saida de Pista;1;1;;;;
08/10/2020;04:45:00;671,9;BR-376/PR;Sul;Saida de Pista;1;1;;;;
08/10/2020;15:18:00;110,142;BR-116/PR;Norte;Saida de Pista;1;1;1;;;
09/10/2020;07:58:00;110,254;BR-116/PR;Sul;Saida de Pista;1;1;;;;
09/10/2020;11:24:00;648,846;BR-376/PR;Sul;Saida de Pista;1;1;;;;
10/10/2020;00:49:00;658,102;BR-376/PR;Sul;Saida de Pista;1;1;;;;
10/10/2020;01:36:00;639,001;BR-376/PR;Norte;Saida de Pista;1;1;;;;
10/10/2020;08:45:00;40,527;BR-101/SC;Sul;Saida de Pista;1;1;;;;
10/10/2020;10:23:00;97,5;BR-116/PR;Sul;Saida de Pista;1;1;;;;
12/10/2020;07:58:00;652,409;BR-376/PR;Norte;Tombamento;1;1;;;;
13/10/2020;13:31:00;93,133;BR-116/PR;Sul;Saida de Pista;1;1;;;;
14/10/2020;07:02:00;667,3;BR-376/PR;Sul;Saida de Pista;1;2;;;;
14/10/2020;12:44:00;667,3;BR-376/PR;Sul;Saida de Pista;1;1;;;;
14/10/2020;19:12:00;107,015;BR-101/SC;Norte;Saida de Pista;1;1;;;;
15/10/2020;04:39:00;658,1;BR-376/PR;Sul;Saida de Pista;1;1;;;;
15/10/2020;15:32:00;650,862;BR-376/PR;Sul;Saida de Pista;1;2;2;;;
15/10/2020;18:15:00;671,7;BR-376/PR;Sul;Saida de Pista;1;1;;;;
16/10/2020;12:59:00;215,872;BR-101/SC;Norte;Tombamento;1;1;;;;
17/10/2020;06:39:00;156,379;BR-101/SC;Norte;Tombamento;1;1;;;;
18/10/2020;20:39:00;204,95;BR-101/SC;Sul;Saida de Pista;1;1;;;;
21/10/2020;11:02:00;667,3;BR-376/PR;Sul;Saida de Pista;1;3;;;;
23/10/2020;05:39:00;671,7;BR-376/PR;Sul;Saida de Pista;1;1;;;;
24/10/2020;13:56:00;647,9;BR-376/PR;Sul;Saida de Pista;1;1;;;;
26/10/2020;22:43:00;616,313;BR-376/PR;Norte;Tombamento;1;0;1;;;
28/10/2020;08:45:00;93,383;BR-116/PR;Sul;Saida de Pista;1;1;;;;
28/10/2020;17:51:00;622,67;BR-376/PR;Norte;Saida de Pista;1;1;;;;
28/10/2020;20:29:00;663,382;BR-376/PR;Norte;Saida de Pista;1;3;;;;
29/10/2020;09:47:00;101,326;BR-116/PR;Norte;Saida de Pista;1;1;;;;
29/10/2020;12:53:00;237,837;BR-101/SC;Sul;Saida de Pista;1;1;;;;
29/10/2020;22:23:00;627,023;BR-376/PR;Sul;Tombamento;1;2;;;;
30/10/2020;05:24:00;101,989;BR-116/PR;Sul;Tombamento;1;1;;;;
31/10/2020;04:42:00;106,5;BR-116/PR;Sul;Saida de Pista;1;1;;;;
04/11/2020;06:10:00;672,823;BR-376/PR;Sul;Tombamento;1;1;;;;
04/11/2020;07:01:00;142,8;BR-101/SC;Sul;Capotamento;1;2;;;;
04/11/2020;15:50:00;31,836;BR-101/SC;Norte;Saida de Pista;1;0;1;1;;
05/11/2020;02:05:00;77,44;BR-116/PR;Sul;Tombamento;1;1;;;;
05/11/2020;04:16:00;96,96;BR-116/PR;Sul;Tombamento;1;1;;;;
06/11/2020;14:43:00;667,3;BR-376/PR;Sul;Saida de Pista;1;0;1;;;
06/11/2020;19:18:00;671,5;BR-376/PR;Sul;Saida de Pista;1;1;;;;
08/11/2020;21:27:00;665,53;BR-376/PR;Sul;Tombamento;2;1;1;;;
09/11/2020;07:49:00;10,292;BR-101/SC;Norte;Tombamento;1;1;;;;
09/11/2020;19:56:00;3,537;BR-101/SC;Norte;Tombamento;1;0;1;;;
09/11/2020;21:59:00;651,302;BR-376/PR;Norte;Saida de Pista;1;1;;;;
10/11/2020;05:04:00;667,3;BR-376/PR;Sul;Saida de Pista;1;1;;;;
10/11/2020;07:16:00;170,112;BR-101/SC;Sul;Saida de Pista;1;1;;;;
10/11/2020;12:45:00;122,028;BR-101/SC;Norte;Saida de Pista;1;1;;;;
11/11/2020;02:52:00;97,166;BR-101/SC;Norte;Saida de Pista;1;2;;;;
11/11/2020;11:47:00;128,823;BR-101/SC;Sul;Saida de Pista;1;1;;;;
11/11/2020;11:48:00;615,601;BR-376/PR;Norte;Tombamento;2;2;;;;
12/11/2020;09:09:00;664,2;BR-376/PR;Sul;Saida de Pista;1;1;;;;
12/11/2020;16:55:00;162,957;BR-101/SC;Norte;Saida de Pista;1;1;;;;
16/11/2020;15:03:00;3,746;BR-101/SC;Norte;Tombamento;1;1;;;;
17/11/2020;21:36:00;82,951;BR-101/SC;Norte;Tombamento;1;1;;;;
18/11/2020;02:02:00;79,12;BR-116/PR;Sul;Tombamento;1;0;;;1;
18/11/2020;11:43:00;679,05;BR-376/PR;Sul;Saida de Pista;1;1;;;;
18/11/2020;22:27:00;99,8;BR-116/PR;Sul;Saida de Pista;1;2;;;;
19/11/2020;09:56:00;32,694;BR-101/SC;Norte;Tombamento;1;2;1;;;