data;horario;km;trecho;sentido;tipo_de_acidente;caminhao;ilesos;levemente_feridos;moderadamente_feridos;gravemente_feridos;mortos
19/11/2020;09:58:00;155,997;BR-101/SC;Sul;Tombamento;1;1;3;1;;
19/11/2020;22:32:00;176,77;BR-101/SC;Norte;Tombamento;1;1;;;;
20/11/2020;02:54:00;667,3;BR-376/PR;Sul;Saida de Pista;1;2;;;;
20/11/2020;15:38:00;112,705;BR-116/PR;Norte;Saida de Pista;1;1;;;;
21/11/2020;09:17:00;26,411;BR-101/SC;Sul;Tombamento;1;1;;1;;
22/11/2020;05:17:00;121,316;BR-101/SC;Sul;Saida de Pista;1;1;;;;
23/11/2020;03:42:00;210,505;BR-101/SC;Norte;Tombamento;1;1;1;;;
24/11/2020;15:49:00;616,874;BR-376/PR;Norte;Saida de Pista;1;2;;;;
27/11/2020;02:44:00;181,808;BR-101/SC;Sul;Saida de Pista;1;1;;;;
27/11/2020;02:54:00;111,3;BR-101/SC;Norte;Saida de Pista;1;1;;;;
27/11/2020;14:18:00;80,76;BR-101/SC;Norte;Saida de Pista;1;1;;;;
28/11/2020;09:38:00;96,852;BR-116/PR;Norte;Tombamento;1;1;;1;;
29/11/2020;09:33:00;664,329;BR-376/PR;Sul;Saida de Pista;1;1;;;;
29/11/2020;09:54:00;667,3;BR-376/PR;Sul;Saida de Pista;1;2;;;;
29/11/2020;20:12:00;667,3;BR-376/PR;Sul;Saida de Pista;1;1;;;;
30/11/2020;23:56:00;111,984;BR-116/PR;Norte;Saida de Pista;1;0;1;;;
01/12/2020;23:15:00;242,7;BR-101/SC;Norte;Saida de Pista;1;2;;;;
02/12/2020;02:29:00;91,85;BR-116/PR;Norte;Saida de Pista;1;1;;;;
03/12/2020;06:50:00;665,208;BR-376/PR;Sul;Tombamento;1;3;;;;
03/12/2020;18:20:00;29,186;BR-101/SC;Norte;Saida de Pista;1;1;;;;
06/12/2020;09:04:00;636,001;BR-376/PR;Norte;Saida de Pista;1;1;;;;
07/12/2020;21:22:00;242,6;BR-101/SC;Norte;Tombamento;1;1;;;;
08/12/2020;10:05:00;129,589;BR-101/SC;Norte;Tombamento;2;1;1;;;
08/12/2020;20:48:00;650,802;BR-376/PR;Sul;Tombamento;1;0;2;;;
09/12/2020;04:52:00;667,3;BR-376/PR;Sul;Saida de Pista;1;2;;;;
10/12/2020;15:43:00;667,3;BR-376/PR;Sul;Saida de Pista;1;1;;;;
11/12/2020;12:15:00;104,269;BR-101/SC;Norte;Saida de Pista;1;1;;;;
11/12/2020;16:19:00;103,337;BR-116/PR;Sul;Saida de Pista;1;2;;;;
14/12/2020;10:05:00;671,7;BR-376/PR;Sul;Saida de Pista;1;1;;;;
14/12/2020;13:41:00;228,63;BR-101/SC;Norte;Tombamento;1;1;;;;
14/12/2020;16:51:00;653,538;BR-376/PR;Norte;Saida de Pista;1;1;;;;
14/12/2020;21:30:00;681,2;BR-376/PR;Sul;Saida de Pista;1;0;1;;;
15/12/2020;17:01:00;48,101;BR-101/SC;Norte;Saida de Pista;1;2;;;;
16/12/2020;05:48:00;162,262;BR-101/SC;Sul;Tombamento;1;0;;1;;
16/12/2020;07:24:00;57,229;BR-101/SC;Norte;Tombamento;1;1;;;;
17/12/2020;13:54:00;667,3;BR-376/PR;Sul;Saida de Pista;1;1;;;;
17/12/2020;14:15:00;110,021;BR-116/PR;Sul;Tombamento;1;2;;;;
18/12/2020;01:29:00;93,4;BR-101/SC;Sul;Saida de Pista;1;1;;;;
18/12/2020;12:27:00;667,3;BR-376/PR;Sul;Saida de Pista;1;3;;;;
21/12/2020;12:49:00;665,196;BR-376/PR;Sul;Saida de Pista;1;2;;;;
22/12/2020;07:59:00;62,486;BR-101/SC;Sul;Tombamento;1;1;;;;
23/12/2020;03:25:00;637,01;BR-376/PR;Norte;Saida de Pista;1;3;;;;
24/12/2020;19:00:00;667,3;BR-376/PR;Sul;Saida de Pista;1;1;;;;
24/12/2020;22:52:00;162,804;BR-101/SC;Sul;Saida de Pista;1;2;;;;
27/12/2020;15:09:00;671,7;BR-376/PR;Sul;Saida de Pista;1;1;;;;
28/12/2020;17:28:00;623,253;BR-376/PR;Norte;Saida de Pista;1;1;;;;
30/12/2020;11:58:00;671,699;BR-376/PR;Sul;Saida de Pista;1;2;;;;
04/01/2021;05:17:00;62,465;BR-101/SC;Sul;Tombamento;1;1;;;;
06/01/2021;14:48:00;102,58;BR-116/PR;Sul;Saida de Pista;2;3;;;;
07/01/2021;04:35:00;242,141;BR-101/SC;Sul;Saida de Pista;1;1;1;;;
08/01/2021;16:58:00;112,8;BR-101/SC;Sul;Saida de Pista;1;2;;;;
09/01/2021;15:51:00;671,7;BR-376/PR;Sul;Saida de Pista;1;1;;;;
11/01/2021;20:11:00;119,237;BR-101/SC;Norte;Tombamento;1;1;;;;
12/01/2021;17:21:00;671,7;BR-376/PR;Sul;Saida de Pista;1;1;;;;
13/01/2021;05:52:00;136,95;BR-101/SC;Sul;Saida de Pista;1;2;;;;
13/01/2021;08:02:00;116,271;BR-101/SC;Norte;Saida de Pista;1;2;;;;
13/01/2021;19:41:00;660,644;BR-376/PR;Norte;Saida de Pista;1;1;1;;;
14/01/2021;07:57:00;3,714;BR-101/SC;Norte;Tombamento;1;0;1;;1;
15/01/2021;05:59:00;129,233;BR-101/SC;Norte;Tombamento;1;2;;;;
16/01/2021;02:54:00;153,319;BR-101/SC;Norte;Saida de Pista;1;2;;;;
16/01/2021;05:18:00;664,82;BR-376/PR;Sul;Tombamento;1;1;;;;
16/01/2021;13:19:00;664,82;BR-376/PR;Sul;Saida de Pista;1;1;;;;
18/01/2021;03:22:00;667,3;BR-376/PR;Sul;Saida de Pista;1;2;;;;
20/01/2021;11:48:00;657,978;BR-376/PR;Sul;Saida de Pista;1;1;;;;
21/01/2021;09:53:00;38,387;BR-101/SC;Norte;Capotamento;1;3;1;;;
22/01/2021;02:35:00;3,5;BR-101/SC;Norte;Tombamento;1;3;;;;
26/01/2021;09:31:00;117,2;BR-101/SC;Sul;Tombamento;1;1;;;;
26/01/2021;11:57:00;658,4;BR-376/PR;Sul;Tombamento;2;2;;;;
26/01/2021;23:54:00;667,3;BR-376/PR;Sul;Saida de Pista;1;1;;;;
27/01/2021;10:40:00;93,945;BR-116/PR;Sul;Saida de Pista;1;1;;;;
27/01/2021;15:54:00;671,7;BR-376/PR;Sul;Saida de Pista;1;1;;;;
28/01/2021;04:34:00;83,888;BR-116/PR;Sul;Saida de Pista;1;1;;;;
28/01/2021;13:14:00;98,724;BR-101/SC;Norte;Saida de Pista;1;1;;;;
29/01/2021;14:54:00;110,292;BR-116/PR;Sul;Saida de Pista;1;1;;;;
29/01/2021;16:01:00;615,097;BR-376/PR;Sul;Saida de Pista;1;1;;;;
29/01/2021;18:16:00;105,365;BR-116/PR;Sul;Saida de Pista;1;1;;;;
30/01/2021;17:12:00;668,791;BR-376/PR;Sul;Tombamento;2;2;;;;
31/01/2021;09:38:00;101,665;BR-116/PR;Norte;Saida de Pista;1;1;;;;
02/02/2021;19:22:00;79,102;BR-116/PR;Sul;Saida de Pista;1;1;;;;
02/02/2021;07:36:00;665,416;BR-376/PR;Sul;Saida de Pista;1;1;;;;
04/02/2021;07:46:00;112,8;BR-116/PR;Sul;Saida de Pista;1;2;;;;
04/02/2021;15:56:00;106,8;BR-116/PR;Sul;Saida de Pista;1;1;;;;
08/02/2021;09:24:00;107,06;BR-116/PR;Norte;Saida de Pista;1;1;;;;
09/02/2021;10:40:00;112,703;BR-116/PR;Norte;Saida de Pista;1;1;;;;
09/02/2021;10:07:00;107,919;BR-116/PR;Norte;Saida de Pista;1;1;;;;
09/02/2021;02:07:00;660,234;BR-376/PR;Norte;Tombamento;1;0;1;;;
09/02/2021;08:12:00;667,3;BR-376/PR;Sul;Saida de Pista;1;1;;;;
11/02/2021;15:57:00;616,8;BR-376/PR;Norte;Saida de Pista;1;3;;;;
11/02/2021;05:29:00;77,5;BR-101/SC;Sul;Saida de Pista;2;2;;;;
13/02/2021;06:22:00;679,491;BR-376/PR;Sul;Tombamento;1;0;4;;;
15/02/2021;09:19:00;16,12;BR-101/SC;Norte;Tombamento;1;0;1;;;
17/02/2021;17:29:00;54,664;BR-101/SC;Norte;Saida de Pista;1;1;;;;
18/02/2021;22:13:00;671,7;BR-376/PR;Sul;Saida de Pista;1;2;;;;
20/02/2021;04:00:00;85,5;BR-116/PR;Sul;Saida de Pista;1;1;;;;
22/02/2021;11:56:00;114,99;BR-116/PR;Norte;Saida de Pista;1;1;;;;
22/02/2021;23:10:00;69,656;BR-101/SC;Norte;Tombamento;1;1;;;;
24/02/2021;14:02:00;666,206;BR-376/PR;Norte;Saida de Pista;1;2;;;;
24/02/2021;15:06:00;105,561;BR-116/PR;Sul;Tombamento;1;1;;;;
25/02/2021;16:07:00;40,948;BR-101/SC;Norte;Saida de Pista;1;1;;;;
26/02/2021;10:40:00;110,1;BR-116/PR;Sul;Saida de Pista;1;1;;;;
26/02/2021;14:46:00;673,235;BR-376/PR;Sul;Saida de Pista;1;0;1;;;
27/02/2021;05:11:00;674,165;BR-376/PR;Sul;Saida de Pista;1;1;1;;;
27/02/2021;11:25:00;671,287;BR-376/PR;Sul;Tombamento;1;1;;;;
27/02/2021;12:48:00;615,256;BR-376/PR;Sul;Saida de Pista;1;1;;;;
28/02/2021;09:39:00;651,856;BR-376/PR;Norte;Saida de Pista;1;1;;;;
02/03/2021;12:45:00;105,802;BR-116/PR;Norte;Saida de Pista;1;1;;;;
03/03/2021;15:08:00;626,516;BR-376/PR;Norte;Tombamento;1;2;;;;
04/03/2021;04:47:00;239,178;BR-101/SC;Sul;Tombamento;2;2;1;;;
05/03/2021;15:57:00;39,439;BR-101/SC;Sul;Saida de Pista;1;1;;;;
05/03/2021;01:14:00;623,319;BR-376/PR;Norte;Saida de Pista;1;1;1;;;
05/03/2021;21:21:00;618,634;BR-376/PR;Norte;Saida de Pista;1;2;;;;
06/03/2021;16:59:00;671,777;BR-376/PR;Norte;Saida de Pista;1;1;;;;
06/03/2021;06:45:00;57,9;BR-101/SC;Sul;Saida de Pista;1;1;;;;
08/03/2021;02:27:00;94,741;BR-116/PR;Sul;Saida de Pista;1;1;;;;
09/03/2021;04:13:00;667,3;BR-376/PR;Sul;Saida de Pista;1;1;;;;
11/03/2021;05:46:00;617,216;BR-376/PR;Norte;Saida de Pista;1;1;;;;
12/03/2021;22:45:00;623,969;BR-376/PR;Sul;Tombamento;1;1;;;;
15/03/2021;13:12:00;7,051;BR-101/SC;Norte;Tombamento;1;0;1;;;
15/03/2021;09:52:00;671,1;BR-376/PR;Norte;Saida de Pista;1;1;;;;
15/03/2021;15:32:00;108,125;BR-116/PR;Sul;Saida de Pista;1;0;1;;;
15/03/2021;16:02:00;109,252;BR-116/PR;Sul;Saida de Pista;1;4;;;;
15/03/2021;19:14:00;94,121;BR-116/PR;Sul;Saida de Pista;1;1;;;;
17/03/2021;16:45:00;112,6;BR-116/PR;Sul;Saida de Pista;1;1;;;;
17/03/2021;18:32:00;677,763;BR-376/PR;Sul;Saida de Pista;1;1;;;;
20/03/2021;07:51:00;86,409;BR-101/SC;Sul;Tombamento;1;0;1;;;
23/03/2021;19:38:00;217,871;BR-101/SC;Norte;Saida de Pista;1;1;;;;
23/03/2021;08:05:00;664,2;BR-376/PR;Sul;Saida de Pista;1;5;;;;
31/03/2021;12:16:00;4,493;BR-101/SC;Norte;Saida de Pista;1;1;;;;
31/03/2021;10:24:00;671,7;BR-376/PR;Sul;Saida de Pista;1;1;;;;
03/04/2021;10:01:00;667,775;BR-376/PR;Sul;Tombamento;2;2;;;;
05/04/2021;19:27:00;673,291;BR-376/PR;Norte;Saida de Pista;1;1;;;;
05/04/2021;21:24:00;667,764;BR-376/PR;Norte;Saida de Pista;1;1;;;;
07/04/2021;15:57:00;103,382;BR-116/PR;Sul;Saida de Pista;1;2;;;;
11/04/2021;01:57:00;32,8;BR-101/SC;Sul;Saida de Pista;1;3;;;;
12/04/2021;22:07:00;668,776;BR-376/PR;Sul;Tombamento;1;0;;1;;
13/04/2021;01:29:00;668,8;BR-376/PR;Sul;Saida de Pista;1;1;;;;
13/04/2021;09:15:00;667,3;BR-376/PR;Sul;Saida de Pista;1;1;;;;
14/04/2021;03:40:00;614,804;BR-376/PR;Sul;Tombamento;1;1;;;;
15/04/2021;11:10:00;108,955;BR-101/SC;Sul;Saida de Pista;1;1;;;;
16/04/2021;19:56:00;665,354;BR-376/PR;Norte;Capotamento;1;2;1;;;
18/04/2021;22:27:00;671,7;BR-376/PR;Sul;Saida de Pista;1;1;;;;
19/04/2021;15:11:00;630,963;BR-376/PR;Norte;Saida de Pista;1;1;;;;
19/04/2021;20:52:00;239,225;BR-101/SC;Sul;Capotamento;1;2;;;;
22/04/2021;03:07:00;624,067;BR-376/PR;Sul;Saida de Pista;1;2;;;;
22/04/2021;14:17:00;671,7;BR-376/PR;Sul;Saida de Pista;1;1;;;;
25/04/2021;09:26:00;671,7;BR-376/PR;Sul;Saida de Pista;1;1;;;;
25/04/2021;10:10:00;667,3;BR-376/PR;Sul;Saida de Pista;1;2;;;;
27/04/2021;07:07:00;670,866;BR-376/PR;Sul;Tombamento;1;0;1;;;
28/04/2021;13:35:00;108,93;BR-101/SC;Norte;Saida de Pista;1;1;;;;
28/04/2021;14:07:00;666,256;BR-376/PR;Sul;Tombamento;1;1;;;;
29/04/2021;15:16:00;671,7;BR-376/PR;Sul;Saida de Pista;1;1;;;;
30/04/2021;17:16:00;55,946;BR-101/SC;Norte;Saida de Pista;1;1;;;;
02/05/2021;06:25:00;167,389;BR-101/SC;Sul;Saida de Pista;1;1;;;;
06/05/2021;16:43:00;212,72;BR-101/SC;Norte;Saida de Pista;1;1;;;;
06/05/2021;18:39:00;630,792;BR-376/PR;Sul;Tombamento;1;1;;;;
07/05/2021;00:54:00;114,681;BR-116/PR;Norte;Saida de Pista;1;1;;;;
09/05/2021;02:12:00;244,355;BR-101/SC;Sul;Tombamento;1;1;;;;
12/05/2021;15:27:00;671,713;BR-376/PR;Sul;Saida de Pista;1;1;;;;
12/05/2021;14:52:00;234,245;BR-101/SC;Sul;Saida de Pista;1;1;;;;
13/05/2021;11:16:00;676,244;BR-376/PR;Norte;Tombamento;2;2;;;;
14/05/2021;03:28:00;140,334;BR-101/SC;Sul;Tombamento;1;3;;;;
14/05/2021;09:12:00;664,784;BR-376/PR;Sul;Tombamento;1;0;;1;;
14/05/2021;12:23:00;667,3;BR-376/PR;Sul;Saida de Pista;1;1;;;;
15/05/2021;14:26:00;653,835;BR-376/PR;Sul;Saida de Pista;2;2;;;;
16/05/2021;12:58:00;15,9;BR-101/SC;Norte;Saida de Pista;1;1;;;;
17/05/2021;12:39:00;113,821;BR-116/PR;Norte;Tombamento;1;2;;;;
17/05/2021;08:35:00;201,326;BR-101/SC;Sul;Saida de Pista;1;0;;1;;
18/05/2021;17:01:00;111,887;BR-101/SC;Sul;Tombamento;1;2;;;;
18/05/2021;18:38:00;97,373;BR-116/PR;Norte;Capotamento;1;1;;1;;
21/05/2021;16:58:00;668,727;BR-376/PR;Sul;Tombamento;1;3;;;1;
22/05/2021;05:56:00;106,3;BR-116/PR;Sul;Saida de Pista;1;1;;1;;
22/05/2021;22:28:00;668,738;BR-376/PR;Sul;Tombamento;1;1;;;;
22/05/2021;20:09:00;671,7;BR-376/PR;Sul;Saida de Pista;1;1;;;;
23/05/2021;08:01:00;114,3;BR-116/PR;Norte;Saida de Pista;1;4;;;;
24/05/2021;01:28:00;655,666;BR-376/PR;Sul;Tombamento;1;1;;;;
25/05/2021;21:08:00;679,306;BR-376/PR;Sul;Tombamento;1;0;1;;;
25/05/2021;14:23:00;624,14;BR-376/PR;Sul;Capotamento;1;3;;;;
26/05/2021;16:54:00;666,191;BR-376/PR;Sul;Saida de Pista;1;1;;;;
29/05/2021;04:11:00;667,3;BR-376/PR;Sul;Saida de Pista;1;1;;;;
31/05/2021;17:59:00;670,862;BR-376/PR;Sul;Capotamento;1;1;1;1;;
01/06/2021;22:07:00;184,515;BR-101/SC;Norte;Tombamento;3;2;1;;;
01/06/2021;20:24:00;215,072;BR-101/SC;Norte;Saida de Pista;1;1;;;;
02/06/2021;09:01:00;623,995;BR-376/PR;Sul;Saida de Pista;1;1;;;;
06/06/2021;06:40:00;138,645;BR-101/SC;Sul;Tombamento;1;1;;;2;2
08/06/2021;23:57:00;654,1;BR-376/PR;Norte;Saida de Pista;1;1;;;;
08/06/2021;17:56:00;215,232;BR-101/SC;Norte;Saida de Pista;1;1;;;;
09/06/2021;01:40:00;193,846;BR-101/SC;Norte;Saida de Pista;1;2;;;;
09/06/2021;13:18:00;671,7;BR-376/PR;Sul;Saida de Pista;1;1;;;;
09/06/2021;01:36:00;193,615;BR-101/SC;Norte;Saida de Pista;1;2;;;;
09/06/2021;06:36:00;116,8;BR-101/SC;Norte;Saida de Pista;1;1;;;;
11/06/2021;23:19:00;83,883;BR-116/PR;Sul;Tombamento;1;1;;;;
13/06/2021;02:56:00;100,073;BR-116/PR;Norte;Capotamento;1;0;1;;;
15/06/2021;23:39:00;667,3;BR-376/PR;Sul;Saida de Pista;1;1;;;;
15/06/2021;09:49:00;111,05;BR-101/SC;Norte;Tombamento;1;1;;;;
16/06/2021;06:02:00;667,3;BR-376/PR;Sul;Saida de Pista;1;1;;;;
16/06/2021;20:58:00;667,3;BR-376/PR;Sul;Saida de Pista;1;1;;;;
16/06/2021;11:04:00;673,059;BR-376/PR;Norte;Saida de Pista;1;4;;;;
21/06/2021;19:16:00;103,416;BR-116/PR;Norte;Saida de Pista;1;2;;;;
22/06/2021;16:38:00;96,213;BR-116/PR;Norte;Saida de Pista;1;1;;;;
23/06/2021;23:58:00;627,738;BR-376/PR;Norte;Tombamento;2;2;;;;
26/06/2021;08:20:00;104,7;BR-101/SC;Norte;Saida de Pista;1;1;;;;
26/06/2021;11:30:00;10,3;BR-101/SC;Norte;Tombamento;1;0;1;;;
30/06/2021;11:16:00;94,1;BR-116/PR;Norte;Saida de Pista;1;1;;;;
30/06/2021;20:19:00;671,7;BR-376/PR;Sul;Saida de Pista;1;1;;;;
01/07/2021;00:06:00;191,1;BR-101/SC;Sul;Tombamento;1;1;;;;
01/07/2021;06:23:00;40,922;BR-101/SC;Norte;Tombamento;1;1;;;;
06/07/2021;13:16:00;62,45;BR-101/SC;Sul;Tombamento;1;1;;;;
06/07/2021;20:48:00;671,7;BR-376/PR;Sul;Saida de Pista;1;3;;;;
08/07/2021;08:25:00;667,1;BR-376/PR;Sul;Tombamento;1;6;10;8;3;1
08/07/2021;17:36:00;667,3;BR-376/PR;Sul;Saida de Pista;1;1;;;;
09/07/2021;01:42:00;159,864;BR-101/SC;Sul;Tombamento;1;1;;;;
09/07/2021;03:52:00;96,83;BR-116/PR;Norte;Saida de Pista;1;1;;;;
09/07/2021;08:35:00;671,7;BR-376/PR;Sul;Saida de Pista;1;1;;;;
09/07/2021;16:05:00;667,3;BR-376/PR;Sul;Saida de Pista;1;1;;;;
12/07/2021;08:09:00;625,798;BR-376/PR;Norte;Tombamento;1;1;1;;;
13/07/2021;04:53:00;103,185;BR-116/PR;Sul;Tombamento;1;1;1;;;
13/07/2021;14:06:00;667,3;BR-376/PR;Sul;Saida de Pista;1;1;;;;
14/07/2021;19:03:00;100,707;BR-116/PR;Sul;Saida de Pista;1;1;;;;
15/07/2021;20:39:00;114,339;BR-101/SC;Norte;Tombamento;1;1;;;;
16/07/2021;00:00:00;100,693;BR-116/PR;Sul;Saida de Pista;1;1;;;;
16/07/2021;20:31:00;98,144;BR-116/PR;Norte;Saida de Pista;1;1;;;;
17/07/2021;05:15:00;104,8;BR-101/SC;Sul;Tombamento;1;1;;;;
18/07/2021;02:38:00;667,3;BR-376/PR;Sul;Saida de Pista;1;1;;;;
21/07/2021;05:09:00;640,65;BR-376/PR;Norte;Saida de Pista;1;1;;;;
21/07/2021;08:57:00;87,096;BR-116/PR;Norte;Saida de Pista;1;1;;;;
21/07/2021;18:21:00;94,475;BR-116/PR;Norte;Saida de Pista;1;1;;;;
22/07/2021;05:37:00;72,405;BR-116/PR;Sul;Saida de Pista;1;2;;;;
22/07/2021;14:55:00;216,353;BR-101/SC;Sul;Tombamento;1;1;;;;
23/07/2021;16:25:00;667,3;BR-376/PR;Sul;Saida de Pista;1;1;;;;
23/07/2021;17:00:00;667,3;BR-376/PR;Sul;Saida de Pista;1;1;;;;
27/07/2021;09:21:00;231,104;BR-101/SC;Norte;Tombamento;1;0;1;;;
27/07/2021;13:22:00;107,824;BR-116/PR;Sul;Saida de Pista;1;1;;;;
28/07/2021;00:41:00;97,656;BR-101/SC;Sul;Tombamento;1;0;;;;1
28/07/2021;14:05:00;623,139;BR-376/PR;Norte;Saida de Pista;1;2;;;;
31/07/2021;02:48:00;656,928;BR-376/PR;Sul;Tombamento;1;2;;;;
31/07/2021;14:45:00;671,7;BR-376/PR;Sul;Saida de Pista;1;1;;;;
03/08/2021;19:36:00;109,338;BR-116/PR;Norte;Tombamento;1;1;1;;;
04/08/2021;02:07:00;654,052;BR-376/PR;Norte;Tombamento;1;1;;;;
04/08/2021;08:06:00;666,7;BR-376/PR;Norte;Tombamento;1;1;;;;
05/08/2021;21:38:00;143,788;BR-101/SC;Norte;Tombamento;1;1;;;;
08/08/2021;09:47:00;679,42;BR-376/PR;Sul;Tombamento;1;0;;;1;
08/08/2021;18:36:00;77,151;BR-116/PR;Sul;Saida de Pista;1;2;1;;;
09/08/2021;22:51:00;70,172;BR-101/SC;Sul;Tombamento;1;1;;;;
11/08/2021;10:46:00;57,803;BR-101/SC;Norte;Tombamento;1;0;1;;;
12/08/2021;21:59:00;636,439;BR-376/PR;Norte;Saida de Pista;1;1;;;;
13/08/2021;06:09:00;201,068;BR-101/SC;Norte;Saida de Pista;1;1;;;;
13/08/2021;13:42:00;106,496;BR-116/PR;Norte;Saida de Pista;1;1;;;;
13/08/2021;15:50:00;107,547;BR-116/PR;Norte;Saida de Pista;1;1;;;;
13/08/2021;15:52:00;97,327;BR-116/PR;Sul;Saida de Pista;1;1;;;;
13/08/2021;22:31:00;21,212;BR-101/SC;Sul;Tombamento;1;1;1;;;
13/08/2021;22:37:00;21,212;BR-101/SC;Norte;Tombamento;2;1;1;;;
13/08/2021;23:10:00;21,212;BR-101/SC;Norte;Tombamento;1;1;;;;
13/08/2021;23:39:00;189,735;BR-101/SC;Norte;Tombamento;1;0;;1;;
14/08/2021;00:32:00;113,165;BR-101/SC;Norte;Tombamento;1;1;;;;
14/08/2021;01:05:00;189,105;BR-101/SC;Norte;Saida de Pista;1;1;;;;
14/08/2021;17:58:00;667,3;BR-376/PR;Sul;Saida de Pista;1;1;;;;
18/08/2021;16:53:00;107,214;BR-116/PR;Sul;Saida de Pista;1;1;;;;
21/08/2021;10:53:00;671,7;BR-376/PR;Sul;Saida de Pista;1;1;;;;
22/08/2021;06:08:00;222,65;BR-101/SC;Sul;Saida de Pista;1;1;;;;
22/08/2021;11:06:00;665,614;BR-376/PR;Sul;Tombamento;1;0;;;1;
24/08/2021;10:19:00;635,035;BR-376/PR;Sul;Tombamento;1;1;;;;
25/08/2021;08:05:00;112,901;BR-116/PR;Sul;Saida de Pista;1;2;;;;
25/08/2021;10:05:00;667,3;BR-376/PR;Sul;Saida de Pista;1;1;;;;
25/08/2021;10:17:00;671,7;BR-376/PR;Sul;Saida de Pista;1;1;;;;
26/08/2021;03:00:00;228,32;BR-101/SC;Sul;Tombamento;1;1;;;;
26/08/2021;07:05:00;161,209;BR-101/SC;Norte;Saida de Pista;1;1;;;;
26/08/2021;13:32:00;76,1;BR-101/SC;Norte;Tombamento;1;0;2;1;;
26/08/2021;15:32:00;110,591;BR-116/PR;Sul;Saida de Pista;1;1;;;;
29/08/2021;20:52:00;671,7;BR-376/PR;Sul;Saida de Pista;1;2;;;;
31/08/2021;06:30:00;668,214;BR-376/PR;Sul;Tombamento;1;0;;;;1
02/09/2021;03:58:00;110,017;BR-116/PR;Sul;Saida de Pista;1;2;;;;
02/09/2021;21:50:00;40,875;BR-101/SC;Norte;Tombamento;1;1;;;;
03/09/2021;01:17:00;83,757;BR-116/PR;Sul;Tombamento;1;1;;;;
03/09/2021;16:33:00;97,373;BR-116/PR;Sul;Saida de Pista;1;1;;;;
03/09/2021;17:45:00;141,869;BR-101/SC;Norte;Capotamento;1;2;;1;;
04/09/2021;19:35:00;138,729;BR-101/SC;Norte;Tombamento;1;1;;;;
08/09/2021;18:03:00;101,994;BR-116/PR;Sul;Saida de Pista;1;1;;;;
10/09/2021;06:16:00;667,3;BR-376/PR;Sul;Saida de Pista;1;3;;;;
11/09/2021;20:10:00;667,3;BR-376/PR;Sul;Saida de Pista;1;1;;;;
14/09/2021;08:12:00;216,48;BR-101/SC;Norte;Tombamento;1;1;;;;
14/09/2021;12:07:00;665,04;BR-376/PR;Sul;Saida de Pista;1;1;;;;
14/09/2021;16:01:00;667,3;BR-376/PR;Sul;Saida de Pista;1;1;;;;
14/09/2021;22:43:00;667,581;BR-376/PR;Sul;Tombamento;1;0;1;;;
15/09/2021;01:15:00;665,143;BR-376/PR;Norte;Tombamento;1;1;;;;
16/09/2021;20:46:00;22,137;BR-101/SC;Norte;Saida de Pista;1;0;1;;;
17/09/2021;15:53:00;104,451;BR-116/PR;Norte;Saida de Pista;1;1;;;;
18/09/2021;14:25:00;667,3;BR-376/PR;Sul;Saida de Pista;1;1;;;;
20/09/2021;06:45:00;644,235;BR-376/PR;Sul;Tombamento;1;2;;;;
20/09/2021;18:34:00;667,3;BR-376/PR;Sul;Saida de Pista;1;1;;;;
21/09/2021;04:12:00;667,3;BR-376/PR;Sul;Saida de Pista;1;1;;;;
22/09/2021;04:39:00;117,679;BR-101/SC;Norte;Saida de Pista;1;1;;;;
22/09/2021;08:03:00;107,976;BR-116/PR;Sul;Tombamento;1;1;;;;
22/09/2021;13:25:00;130,025;BR-101/SC;Sul;Saida de Pista;1;1;;;;
23/09/2021;14:48:00;107,449;BR-116/PR;Sul;Tombamento;1;1;;;;
24/09/2021;12:38:00;109,305;BR-101/SC;Sul;Saida de Pista;1;1;;;;
25/09/2021;00:53:00;191,304;BR-101/SC;Norte;Tombamento;1;1;;;;
25/09/2021;15:31:00;673,304;BR-376/PR;Sul;Saida de Pista;1;1;;;;
28/09/2021;04:56:00;122,573;BR-101/SC;Norte;Saida de Pista;1;1;;;;
28/09/2021;09:12:00;157,73;BR-101/SC;Sul;Saida de Pista;2;2;;;;
29/09/2021;07:11:00;197,35;BR-101/SC;Norte;Saida de Pista;1;1;;;;
29/09/2021;10:42:00;665,245;BR-376/PR;Sul;Tombamento;2;1;1;;;
01/10/2021;14:46:00;79,494;BR-116/PR;Sul;Saida de Pista;1;1;;;;
01/10/2021;20:35:00;105,091;BR-116/PR;Norte;Tombamento;1;2;;;;
03/10/2021;09:21:00;667,3;BR-376/PR;Sul;Saida de Pista;1;1;;;;
04/10/2021;13:07:00;667,3;BR-376/PR;Sul;Saida de Pista;1;1;;;;
04/10/2021;16:55:00;671,7;BR-376/PR;Sul;Saida de Pista;1;1;;;;