data;horario;km;trecho;sentido;tipo_de_acidente;caminhao;ilesos;levemente_feridos;moderadamente_feridos;gravemente_feridos;mortos
24/10/2022;06:22:16;242,414;BR-101/SC;Crescente;Tombamento;1;1;0;0;0;0
25/10/2022;05:39:49;670,675;BR-376/SC;Crescente;Saida de pista;1;1;0;0;0;0
27/10/2022;13:25:57;168,154;BR-101/SC;Crescente;Tombamento;1;0;2;0;0;0
27/10/2022;23:26:26;640,5;BR-376/SC;Crescente;Capotamento;0;1;0;0;0;0
28/10/2022;21:07:51;627,113;BR-376/SC;Decrescente;Saida de pista;0;1;0;0;0;0
29/10/2022;04:33:50;105,871;BR-116/SC;Decrescente;Saida de pista;0;1;0;0;0;0
29/10/2022;09:17:44;196,9;BR-101/SC;Decrescente;Capotamento;0;1;0;0;0;0
29/10/2022;11:13:58;107,174;BR-116/SC;Decrescente;Tombamento;1;1;0;0;0;0
29/10/2022;14:28:06;622,711;BR-376/SC;Decrescente;Saida de pista;0;1;0;0;0;0
29/10/2022;14:35:24;33,767;BR-101/SC;Crescente;Saida de pista;0;1;0;0;0;0
29/10/2022;19:20:41;136,42;BR-101/SC;Decrescente;Capotamento;0;1;0;0;0;0
30/10/2022;20:03:58;168,227;BR-101/SC;Crescente;Capotamento;0;1;0;0;0;0
31/10/2022;00:47:01;70,851;BR-101/SC;Decrescente;Saida de pista;0;1;0;0;0;0
31/10/2022;15:52:14;21,152;BR-101/SC;Decrescente;Saida de pista;0;1;0;0;0;0
31/10/2022;17:09:30;35,167;BR-101/SC;Crescente;Capotamento;0;1;0;0;0;0
02/11/2022;01:37:55;658,282;BR-376/SC;Decrescente;Capotamento;0;1;0;0;0;0
02/11/2022;09:56:40;617,8;BR-376/SC;Decrescente;Saida de pista;0;1;0;0;0;0
02/11/2022;14:55:20;660,206;BR-376/SC;Crescente;Tombamento;1;0;0;1;0;0
03/11/2022;09:36:44;41,696;BR-101/SC;Crescente;Capotamento;0;1;0;0;0;0
03/11/2022;17:30:56;106,481;BR-116/SC;Crescente;Capotamento;0;0;1;0;0;0
03/11/2022;20:04:00;39,99;BR-101/SC;Crescente;Saida de pista;0;1;0;0;0;0
04/11/2022;00:56:50;627,49;BR-376/SC;Decrescente;Saida de pista;0;1;0;0;0;0
04/11/2022;02:06:17;212,971;BR-101/SC;Decrescente;Capotamento;0;0;0;1;0;0
04/11/2022;06:52:41;668,1;BR-376/SC;Decrescente;Saida de pista;1;1;0;0;0;0
04/11/2022;19:18:12;68,558;BR-101/SC;Decrescente;Tombamento;1;1;0;0;0;0
05/11/2022;19:13:01;110,336;BR-101/SC;Crescente;Capotamento;0;0;2;0;0;0
06/11/2022;11:00:41;33,41;BR-101/SC;Decrescente;Saida de pista;0;1;0;0;0;0
06/11/2022;12:49:45;122,921;BR-101/SC;Decrescente;Saida de pista;0;1;0;0;0;0
06/11/2022;12:59:09;3,768;BR-101/SC;Decrescente;Capotamento;0;1;0;0;0;0
06/11/2022;19:30:02;216,515;BR-101/SC;Crescente;Tombamento;1;0;1;0;0;0
07/11/2022;02:03:12;100,416;BR-116/SC;Crescente;Capotamento;0;0;0;0;0;0
07/11/2022;21:09:37;638,827;BR-376/SC;Crescente;Capotamento;0;1;0;0;0;0
07/11/2022;21:51:41;38,279;BR-101/SC;Decrescente;Capotamento;0;1;0;0;0;0
08/11/2022;18:12:59;165,31;BR-101/SC;Decrescente;Capotamento;0;0;1;0;0;0
08/11/2022;20:28:31;141,581;BR-101/SC;Decrescente;Saida de pista;1;1;0;0;0;0
09/11/2022;16:15:30;109,919;BR-116/SC;Crescente;Tombamento;1;1;0;0;0;0
09/11/2022;18:37:05;39,111;BR-101/SC;Crescente;Tombamento;1;1;0;0;0;0
09/11/2022;22:57:49;97,6;BR-116/SC;Decrescente;Tombamento;1;0;0;0;0;0
11/11/2022;00:01:51;620,859;BR-376/SC;Crescente;Saida de pista;0;0;0;0;0;0
11/11/2022;12:10:58;97,1;BR-116/SC;Crescente;Saida de pista;0;1;0;0;0;0
11/11/2022;15:40:20;666,3;BR-376/SC;Crescente;Capotamento;0;0;1;0;0;0
11/11/2022;22:07:43;668,808;BR-376/SC;Decrescente;Capotamento;0;0;1;0;0;0
11/11/2022;22:45:12;70,869;BR-101/SC;Decrescente;Saida de pista;0;3;0;0;0;0
12/11/2022;08:34:38;634,623;BR-376/SC;Decrescente;Saida de pista;1;1;0;0;0;0
13/11/2022;15:22:52;621,987;BR-376/SC;Decrescente;Capotamento;0;0;1;0;1;0
13/11/2022;18:11:02;101,1;BR-116/SC;Decrescente;Saida de pista;0;1;0;0;0;0
13/11/2022;19:58:53;205,2;BR-101/SC;Decrescente;Saida de pista;0;1;0;0;0;0
13/11/2022;20:19:32;138,489;BR-101/SC;Crescente;Capotamento;0;1;1;0;0;0
13/11/2022;23:56:08;138,615;BR-101/SC;Decrescente;Saida de pista;0;1;0;0;0;0
14/11/2022;00:28:13;70,848;BR-101/SC;Decrescente;Saida de pista;0;1;0;0;0;0
14/11/2022;02:51:41;95,173;BR-101/SC;Crescente;Saida de pista;0;0;0;0;0;0
14/11/2022;07:01:05;93,157;BR-116/SC;Crescente;Capotamento;0;0;1;0;0;0
14/11/2022;19:13:19;624,275;BR-376/SC;Crescente;Capotamento;0;2;1;0;0;0
14/11/2022;19:21:05;105,427;BR-101/SC;Decrescente;Saida de pista;0;1;1;0;0;0
14/11/2022;20:34:52;100,5;BR-101/SC;Crescente;Saida de pista;0;1;0;0;0;0
15/11/2022;16:13:52;91,734;BR-101/SC;Crescente;Capotamento;1;1;1;0;0;0
16/11/2022;09:20:31;218,1;BR-101/SC;Decrescente;Saida de pista;0;1;0;0;0;0
16/11/2022;10:52:30;221,53;BR-101/SC;Decrescente;Saida de pista;0;1;0;0;0;0
18/11/2022;03:33:18;162,167;BR-101/SC;Decrescente;Tombamento;1;1;0;0;0;0
18/11/2022;04:42:03;636,131;BR-376/SC;Crescente;Tombamento;1;1;0;0;0;0
18/11/2022;10:04:30;157,9;BR-101/SC;Decrescente;Saida de pista;0;1;0;0;0;0
18/11/2022;11:56:22;111,1;BR-101/SC;Crescente;Tombamento;1;1;0;0;0;0
18/11/2022;23:19:48;630,782;BR-376/SC;Crescente;Saida de pista;0;1;0;0;0;0
20/11/2022;05:29:06;243,353;BR-101/SC;Decrescente;Saida de pista;0;2;0;0;0;0
20/11/2022;05:39:19;93,716;BR-101/SC;Crescente;Saida de pista;0;1;0;0;0;0
22/11/2022;05:01:42;150,15;BR-101/SC;Decrescente;Saida de pista;1;1;0;0;0;0
22/11/2022;12:01:34;668,804;BR-376/SC;Decrescente;Capotamento;0;1;0;0;0;0
22/11/2022;13:12:08;651,7;BR-376/SC;Crescente;Saida de pista;0;1;0;0;0;0
23/11/2022;06:22:18;670,746;BR-376/SC;Crescente;Tombamento;1;1;0;0;0;0
23/11/2022;14:07:14;3,909;BR-101/SC;Crescente;Tombamento;1;0;0;1;0;0
23/11/2022;17:27:40;88,834;BR-116/SC;Decrescente;Tombamento;2;2;0;0;0;0
24/11/2022;13:48:56;679,1;BR-376/SC;Decrescente;Saida de pista;0;2;0;0;0;0
24/11/2022;22:50:46;156,233;BR-101/SC;Crescente;Saida de pista;0;2;0;0;0;0
25/11/2022;02:20:15;62,9;BR-101/SC;Decrescente;Saida de pista;0;1;0;0;0;0
26/11/2022;04:45:23;114,1;BR-116/SC;Crescente;Capotamento;0;0;0;0;0;0
26/11/2022;05:14:20;32,143;BR-101/SC;Decrescente;Saida de pista;1;2;0;0;0;0
26/11/2022;07:11:33;140,7;BR-101/SC;Decrescente;Saida de pista;0;2;0;0;0;0
26/11/2022;07:52:41;138,644;BR-101/SC;Decrescente;Capotamento;0;2;0;0;0;0
26/11/2022;12:42:33;191,322;BR-101/SC;Crescente;Saida de pista;0;2;0;0;0;0
26/11/2022;13:03:51;138,645;BR-101/SC;Decrescente;Capotamento;0;2;2;0;0;0
26/11/2022;14:14:12;668,121;BR-376/SC;Crescente;Capotamento;0;0;2;0;0;0
26/11/2022;15:19:59;68,553;BR-101/SC;Crescente;Capotamento;0;4;2;0;0;0
26/11/2022;18:50:04;650,788;BR-376/SC;Decrescente;Saida de pista;0;2;0;0;0;0
26/11/2022;21:08:15;56,475;BR-101/SC;Crescente;Saida de pista;1;2;0;0;0;0
26/11/2022;23:28:16;136,39;BR-101/SC;Decrescente;Capotamento;0;2;0;0;0;0
27/11/2022;04:21:59;129,5;BR-101/SC;Decrescente;Capotamento;0;1;0;0;0;0
27/11/2022;04:59:50;630,88;BR-376/SC;Decrescente;Saida de pista;0;1;0;0;0;0
27/11/2022;05:01:22;129,66;BR-101/SC;Crescente;Saida de pista;0;1;0;0;0;0
27/11/2022;05:13:16;13,59;BR-101/SC;Decrescente;Capotamento;0;4;0;0;0;0
27/11/2022;05:14:40;204,289;BR-101/SC;Crescente;Saida de pista;0;1;0;0;0;0
27/11/2022;06:34:29;232,1;BR-101/SC;Decrescente;Saida de pista;0;1;0;0;0;0
27/11/2022;06:49:25;71,863;BR-101/SC;Crescente;Capotamento;0;0;1;0;0;0
27/11/2022;07:14:22;190,93;BR-101/SC;Crescente;Saida de pista;0;1;0;0;0;0
27/11/2022;11:33:25;67,13;BR-101/SC;Crescente;Capotamento;0;0;1;0;0;0
27/11/2022;15:36:38;165,3;BR-101/SC;Decrescente;Saida de pista;0;1;0;0;0;0
27/11/2022;16:43:27;622,515;BR-376/SC;Decrescente;Capotamento;0;0;1;0;0;2
27/11/2022;16:57:02;57,795;BR-101/SC;Crescente;Capotamento;0;0;1;0;0;0
27/11/2022;17:19:27;141,1;BR-101/SC;Decrescente;Saida de pista;0;1;0;0;0;0
27/11/2022;17:53:21;189,1;BR-101/SC;Crescente;Capotamento;0;0;1;0;0;0
27/11/2022;17:55:33;140,7;BR-101/SC;Decrescente;Saida de pista;0;1;0;0;0;0
27/11/2022;17:55:50;101,1;BR-116/SC;Crescente;Saida de pista;0;1;0;0;0;0
27/11/2022;18:50:40;677,465;BR-376/SC;Decrescente;Saida de pista;0;1;0;0;0;0
27/11/2022;19:15:19;151,146;BR-101/SC;Crescente;Capotamento;0;1;0;0;0;0
27/11/2022;20:35:07;239,1;BR-101/SC;Crescente;Saida de pista;0;1;0;0;0;0
28/11/2022;03:51:52;629,502;BR-376/SC;Crescente;Saida de pista;0;2;0;0;0;0
28/11/2022;06:57:04;193,541;BR-101/SC;Crescente;Saida de pista;0;2;0;0;0;0
28/11/2022;07:39:54;72,21;BR-101/SC;Decrescente;Capotamento;0;0;2;0;0;0
28/11/2022;10:03:39;664,1;BR-376/SC;Decrescente;Saida de pista;0;2;0;0;0;0
28/11/2022;10:08:18;190,948;BR-101/SC;Crescente;Capotamento;0;2;4;0;0;0
28/11/2022;10:38:23;109,1;BR-116/SC;Decrescente;Saida de pista;1;0;0;0;0;0
28/11/2022;12:29:52;92,1;BR-116/SC;Crescente;Saida de pista;0;2;0;0;0;0
28/11/2022;12:31:13;112,1;BR-116/SC;Crescente;Saida de pista;1;0;0;0;0;0
28/11/2022;13:30:08;175,151;BR-101/SC;Crescente;Capotamento;0;0;0;0;0;0
28/11/2022;14:48:26;226,7;BR-101/SC;Decrescente;Capotamento;0;2;0;0;0;0
28/11/2022;17:18:08;233,1;BR-101/SC;Decrescente;Saida de pista;0;2;0;0;0;0
28/11/2022;17:42:50;40,311;BR-101/SC;Decrescente;Capotamento;0;2;0;0;0;0
29/11/2022;05:32:15;110,333;BR-101/SC;Decrescente;Capotamento;0;1;0;0;0;0
29/11/2022;10:33:58;166,147;BR-101/SC;Decrescente;Saida de pista;0;1;0;0;0;0
29/11/2022;20:50:37;138,4;BR-101/SC;Crescente;Capotamento;0;1;0;0;0;0
30/11/2022;02:19:23;186,278;BR-101/SC;Decrescente;Capotamento;0;1;0;0;0;0
30/11/2022;06:12:32;104,206;BR-116/SC;Decrescente;Capotamento;0;0;1;0;0;0
30/11/2022;07:43:33;161,432;BR-101/SC;Decrescente;Saida de pista;0;1;0;0;0;0
30/11/2022;11:18:41;165,354;BR-101/SC;Decrescente;Capotamento;0;1;0;0;0;0
01/12/2022;16:12:08;196,1;BR-101/SC;Crescente;Capotamento;0;1;0;0;0;0
01/12/2022;18:12:49;113,53;BR-116/SC;Crescente;Tombamento;1;0;1;0;0;0
03/12/2022;21:48:10;14,796;BR-101/SC;Crescente;Saida de pista;0;1;0;0;0;0
04/12/2022;00:02:01;37,11;BR-101/SC;Crescente;Capotamento;0;1;0;0;0;0
04/12/2022;13:28:19;617,768;BR-376/SC;Decrescente;Capotamento;0;0;1;0;0;0
04/12/2022;21:00:34;123,8;BR-101/SC;Decrescente;Saida de pista;0;1;0;0;0;0
04/12/2022;21:39:38;131,1;BR-101/SC;Crescente;Saida de pista;0;1;0;0;0;0
04/12/2022;21:58:42;59,1;BR-101/SC;Crescente;Capotamento;0;0;1;0;0;0
05/12/2022;03:36:52;113,786;BR-116/SC;Decrescente;Saida de pista;0;1;0;0;0;0
05/12/2022;13:10:01;129,95;BR-101/SC;Crescente;Saida de pista;0;1;0;0;0;0
05/12/2022;19:56:39;31,212;BR-101/SC;Crescente;Tombamento;1;1;0;0;0;0
06/12/2022;23:04:48;66,911;BR-101/SC;Crescente;Saida de pista;0;1;0;0;0;0
10/12/2022;07:24:29;121,3;BR-101/SC;Decrescente;Saida de pista;0;1;0;0;0;0
10/12/2022;14:52:38;90,1;BR-116/SC;Crescente;Saida de pista;0;1;0;0;0;0
10/12/2022;19:41:32;80,1;BR-101/SC;Crescente;Capotamento;0;1;0;0;0;0
10/12/2022;20:52:24;658,783;BR-376/SC;Decrescente;Saida de pista;0;1;0;0;0;0
10/12/2022;21:37:32;113,83;BR-116/SC;Decrescente;Saida de pista;0;1;0;0;0;0
10/12/2022;22:19:36;211,1;BR-101/SC;Decrescente;Capotamento;0;1;0;0;0;0
11/12/2022;00:47:23;134,14;BR-101/SC;Decrescente;Saida de pista;0;1;0;0;0;0
14/12/2022;00:13:43;224,8;BR-101/SC;Crescente;Saida de pista;0;1;0;0;0;0
14/12/2022;09:31:14;63,2;BR-101/SC;Decrescente;Tombamento;1;1;0;0;0;0
15/12/2022;01:54:14;108,3;BR-101/SC;Decrescente;Saida de pista;0;0;1;0;0;0
15/12/2022;02:11:28;239,15;BR-101/SC;Decrescente;Saida de pista;0;1;0;0;0;0
15/12/2022;02:26:28;108,4;BR-101/SC;Decrescente;Saida de pista;0;1;0;0;0;0
16/12/2022;15:43:43;112,452;BR-116/SC;Decrescente;Saida de pista;0;1;0;0;0;0
17/12/2022;01:25:20;93,5;BR-116/SC;Decrescente;Capotamento;0;1;0;0;0;0
17/12/2022;11:09:25;98,32;BR-116/SC;Crescente;Saida de pista;0;1;0;0;0;0
17/12/2022;14:20:28;112,335;BR-116/SC;Crescente;Saida de pista;0;1;0;0;0;0
17/12/2022;22:27:49;97,12;BR-116/SC;Crescente;Capotamento;0;3;0;0;0;0
18/12/2022;00:08:56;84,2;BR-116/SC;Decrescente;Saida de pista;0;1;0;0;0;0
18/12/2022;08:06:28;614,6;BR-376/SC;Decrescente;Capotamento;0;1;0;0;0;0
18/12/2022;12:19:59;158,1;BR-101/SC;Crescente;Saida de pista;0;1;0;0;0;0
18/12/2022;12:50:48;631,1;BR-376/SC;Decrescente;Saida de pista;0;1;0;0;0;0
18/12/2022;13:22:58;119,73;BR-101/SC;Crescente;Saida de pista;1;1;0;0;0;0
18/12/2022;14:56:25;138,659;BR-101/SC;Crescente;Capotamento;0;3;0;0;0;0
18/12/2022;17:58:26;33,575;BR-101/SC;Crescente;Saida de pista;0;1;0;0;0;0
18/12/2022;21:01:43;103,858;BR-101/SC;Crescente;Saida de pista;0;1;0;0;0;0
18/12/2022;22:08:27;130,15;BR-101/SC;Crescente;Capotamento;0;1;0;0;0;0
18/12/2022;22:31:05;28,457;BR-101/SC;Decrescente;Saida de pista;0;0;1;0;0;0
19/12/2022;00:34:05;657,1;BR-376/SC;Decrescente;Capotamento;0;2;0;0;0;0
19/12/2022;08:13:03;48,778;BR-101/SC;Crescente;Capotamento;0;1;0;0;0;0
19/12/2022;12:03:47;6,235;BR-101/SC;Decrescente;Saida de pista;0;1;0;0;0;0
20/12/2022;01:30:53;101,5;BR-116/SC;Crescente;Saida de pista;0;1;0;0;0;0
20/12/2022;06:01:08;108,975;BR-101/SC;Decrescente;Saida de pista;0;1;0;0;0;0
20/12/2022;12:00:56;681,1;BR-376/SC;Decrescente;Capotamento;0;3;0;0;0;0
20/12/2022;18:25:53;101,56;BR-101/SC;Crescente;Saida de pista;1;1;0;0;0;0
21/12/2022;03:56:12;62,408;BR-101/SC;Crescente;Saida de pista;1;1;0;0;0;0
21/12/2022;05:57:50;155,1;BR-101/SC;Decrescente;Saida de pista;0;1;0;0;0;0
21/12/2022;08:29:22;160,713;BR-101/SC;Crescente;Saida de pista;0;1;0;0;0;0
22/12/2022;06:08:06;139,1;BR-101/SC;Decrescente;Saida de pista;0;0;0;0;0;0
22/12/2022;07:16:27;198,348;BR-101/SC;Crescente;Tombamento;1;1;1;0;0;0
22/12/2022;08:51:06;112,518;BR-116/SC;Decrescente;Saida de pista;1;2;0;0;0;0
22/12/2022;18:42:38;658,18;BR-376/SC;Decrescente;Saida de pista;0;1;0;0;0;0
22/12/2022;22:11:28;636,1;BR-376/SC;Crescente;Capotamento;0;2;0;0;0;0
23/12/2022;02:29:08;201,97;BR-101/SC;Decrescente;Saida de pista;0;1;0;0;0;0
23/12/2022;05:02:41;202,15;BR-101/SC;Crescente;Saida de pista;0;1;0;0;0;0
23/12/2022;12:11:14;175,2;BR-101/SC;Crescente;Saida de pista;0;1;0;0;0;0
23/12/2022;13:10:01;674,424;BR-376/SC;Decrescente;Saida de pista;0;1;1;0;0;0
24/12/2022;00:20:06;112,4;BR-101/SC;Crescente;Saida de pista;0;1;0;0;0;0
24/12/2022;02:31:58;109,15;BR-101/SC;Decrescente;Saida de pista;0;0;0;0;0;0
24/12/2022;04:05:33;217,15;BR-101/SC;Crescente;Saida de pista;0;1;0;0;0;0
24/12/2022;10:01:49;196,895;BR-101/SC;Crescente;Capotamento;0;0;2;0;0;0
24/12/2022;14:51:57;94,412;BR-116/SC;Crescente;Capotamento;0;1;0;0;0;0
24/12/2022;21:10:14;10,413;BR-101/SC;Crescente;Capotamento;0;1;0;0;0;0
24/12/2022;21:45:43;162,276;BR-101/SC;Decrescente;Saida de pista;0;1;0;0;0;0
25/12/2022;01:30:07;97,12;BR-101/SC;Crescente;Saida de pista;0;2;0;0;0;0
25/12/2022;04:18:15;626,764;BR-376/SC;Decrescente;Saida de pista;0;3;0;0;0;0
25/12/2022;06:50:13;138,668;BR-101/SC;Decrescente;Capotamento;0;0;1;0;0;0
25/12/2022;16:09:20;113,1;BR-116/SC;Decrescente;Saida de pista;0;1;0;0;0;0
25/12/2022;17:45:16;622,231;BR-376/SC;Crescente;Saida de pista;0;2;0;0;0;0
26/12/2022;00:50:59;76,794;BR-101/SC;Crescente;Capotamento;0;1;1;0;0;0
26/12/2022;01:51:38;202,918;BR-101/SC;Decrescente;Saida de pista;0;0;0;0;0;0
26/12/2022;05:33:13;201,5;BR-101/SC;Decrescente;Saida de pista;0;1;0;0;0;0
26/12/2022;18:39:42;184,713;BR-101/SC;Crescente;Tombamento;1;0;1;0;0;0
27/12/2022;07:20:51;676,1;BR-376/SC;Crescente;Saida de pista;2;2;0;0;0;0
27/12/2022;09:01:20;111,1;BR-101/SC;Crescente;Tombamento;1;0;0;1;0;0
27/12/2022;14:29:26;672,909;BR-376/SC;Crescente;Saida de pista;0;2;0;0;0;0
27/12/2022;17:23:42;216,844;BR-101/SC;Crescente;Capotamento;0;0;3;0;0;0
28/12/2022;05:27:09;110,3;BR-101/SC;Crescente;Capotamento;0;0;1;0;0;0
28/12/2022;14:14:47;117,3;BR-101/SC;Crescente;Saida de pista;1;1;0;0;0;0
28/12/2022;15:14:47;48,64;BR-101/SC;Crescente;Capotamento;0;0;1;0;0;0
28/12/2022;19:54:31;101,996;BR-116/SC;Decrescente;Saida de pista;1;1;0;0;0;0
29/12/2022;16:46:54;99,463;BR-116/SC;Decrescente;Saida de pista;0;1;0;0;0;0
29/12/2022;19:32:18;110,447;BR-116/SC;Decrescente;Saida de pista;0;1;0;0;0;0
29/12/2022;20:17:49;7,1;BR-101/SC;Decrescente;Capotamento;0;1;0;0;0;0
30/12/2022;02:07:26;8,737;BR-101/SC;Decrescente;Saida de pista;0;1;0;0;0;0
30/12/2022;09:30:24;109,15;BR-116/SC;Crescente;Tombamento;1;1;0;0;0;0
31/12/2022;01:25:05;197,2;BR-101/SC;Crescente;Saida de pista;0;1;0;0;0;0
31/12/2022;01:56:44;82,2;BR-116/SC;Decrescente;Capotamento;0;1;0;0;0;0
31/12/2022;02:26:30;634,1;BR-376/SC;Crescente;Capotamento;1;2;0;0;0;0
01/01/2023;03:39:54;159,294;BR-101/SC;Decrescente;Saida de pista;0;0;0;5;0;0
01/01/2023;10:46:23;636,383;BR-376/SC;Crescente;Saida de pista;0;5;0;0;0;0
01/01/2023;18:05:24;73,853;BR-116/SC;Decrescente;Capotamento;0;0;5;0;5;0
02/01/2023;22:41:39;8,587;BR-101/SC;Crescente;Tombamento;1;0;1;0;0;0
03/01/2023;17:36:22;88,88;BR-116/SC;Decrescente;Saida de pista;0;1;0;0;0;0
03/01/2023;23:28:27;97,9;BR-116/SC;Crescente;Capotamento;0;1;0;0;0;0
04/01/2023;06:29:08;100,75;BR-101/SC;Crescente;Saida de pista;0;1;0;0;0;0
04/01/2023;06:34:09;30,122;BR-101/SC;Crescente;Saida de pista;0;1;0;0;0;0
04/01/2023;07:32:26;105,849;BR-116/SC;Decrescente;Saida de pista;1;1;0;0;0;0
04/01/2023;12:57:20;199,776;BR-101/SC;Crescente;Tombamento;1;0;1;0;0;0
04/01/2023;15:25:29;33,1;BR-101/SC;Decrescente;Saida de pista;0;1;0;0;0;0
04/01/2023;21:56:05;617,187;BR-376/SC;Decrescente;Capotamento;0;1;0;0;0;0
05/01/2023;22:32:10;162,1;BR-101/SC;Crescente;Capotamento;0;1;0;0;0;0
07/01/2023;04:55:31;628,269;BR-376/SC;Decrescente;Saida de pista;0;1;1;0;0;0
08/01/2023;10:19:40;225,1;BR-101/SC;Decrescente;Saida de pista;0;1;0;0;0;0
09/01/2023;06:18:52;679,472;BR-376/SC;Decrescente;Saida de pista;0;2;0;0;0;0
09/01/2023;09:07:01;627,1;BR-376/SC;Crescente;Capotamento;0;0;0;0;0;0
09/01/2023;16:40:05;217,3;BR-101/SC;Decrescente;Capotamento;0;1;0;0;0;0
10/01/2023;19:20:43;221,8;BR-101/SC;Decrescente;Saida de pista;0;1;0;0;0;0
12/01/2023;06:33:35;182,1;BR-101/SC;Decrescente;Capotamento;0;1;1;0;0;0
12/01/2023;07:26:22;155,1;BR-101/SC;Decrescente;Saida de pista;0;1;0;0;0;0
12/01/2023;15:07:56;630,255;BR-376/SC;Decrescente;Capotamento;0;1;4;0;0;0
12/01/2023;21:31:32;654,978;BR-376/SC;Decrescente;Tombamento;1;1;0;0;0;0
13/01/2023;23:09:53;162,656;BR-101/SC;Decrescente;Saida de pista;0;1;0;0;0;0
14/01/2023;10:28:22;48,757;BR-101/SC;Decrescente;Tombamento;1;0;1;0;0;0
14/01/2023;17:34:45;158,785;BR-101/SC;Decrescente;Saida de pista;0;1;0;0;0;0
14/01/2023;21:35:15;54,935;BR-101/SC;Decrescente;Capotamento;0;1;0;0;0;0
15/01/2023;02:31:58;89,691;BR-101/SC;Crescente;Saida de pista;0;1;0;0;0;0
15/01/2023;03:53:47;110,589;BR-101/SC;Crescente;Saida de pista;0;1;0;0;0;0
15/01/2023;04:11:09;118,1;BR-101/SC;Decrescente;Capotamento;0;1;0;0;0;0
15/01/2023;07:27:37;95,3;BR-116/SC;Decrescente;Saida de pista;0;0;1;0;0;0
15/01/2023;09:33:11;191,288;BR-101/SC;Decrescente;Saida de pista;0;1;0;0;0;0
15/01/2023;14:08:08;4,3;BR-101/SC;Decrescente;Saida de pista;0;1;0;0;0;0
15/01/2023;20:43:00;651,255;BR-376/SC;Crescente;Capotamento;0;1;0;0;0;0
15/01/2023;21:09:37;617,171;BR-376/SC;Decrescente;Saida de pista;0;1;0;0;0;0
15/01/2023;23:36:08;244,1;BR-101/SC;Crescente;Saida de pista;0;0;1;0;0;0
16/01/2023;00:53:57;82,662;BR-116/SC;Crescente;Tombamento;1;2;0;0;0;0
16/01/2023;21:15:20;653,554;BR-376/SC;Crescente;Saida de pista;1;1;0;0;0;0
17/01/2023;02:08:33;114,415;BR-116/SC;Decrescente;Saida de pista;0;1;0;0;0;0
17/01/2023;02:08:55;141,899;BR-101/SC;Decrescente;Saida de pista;1;1;0;0;0;0
17/01/2023;16:21:34;671,7;BR-376/SC;Decrescente;Saida de pista;0;0;0;0;0;0
17/01/2023;22:21:36;5,334;BR-101/SC;Crescente;Capotamento;0;1;0;0;0;0
18/01/2023;17:39:04;666,21;BR-376/SC;Decrescente;Saida de pista;1;1;0;0;0;0
18/01/2023;18:35:10;681,5;BR-376/SC;Decrescente;Capotamento;0;1;0;0;0;0
19/01/2023;01:46:24;100,958;BR-101/SC;Crescente;Saida de pista;0;0;0;1;0;0
19/01/2023;02:49:56;67,1;BR-101/SC;Crescente;Capotamento;0;1;0;0;0;0
19/01/2023;04:40:10;217,1;BR-101/SC;Decrescente;Saida de pista;0;1;0;0;0;0
19/01/2023;05:48:41;66,221;BR-101/SC;Crescente;Capotamento;1;0;1;0;0;0
19/01/2023;06:49:09;74,6;BR-101/SC;Decrescente;Saida de pista;0;1;0;0;0;0
19/01/2023;08:01:10;6,5;BR-101/SC;Decrescente;Saida de pista;0;1;0;0;0;0
19/01/2023;17:05:03;48,914;BR-101/SC;Crescente;Saida de pista;0;1;0;0;0;0
19/01/2023;18:24:28;78,427;BR-101/SC;Decrescente;Tombamento;1;1;0;0;0;0
19/01/2023;23:56:12;80,8;BR-101/SC;Decrescente;Tombamento;1;0;1;0;0;0