data;horario;km;trecho;sentido;tipo_de_acidente;caminhao;ilesos;levemente_feridos;moderadamente_feridos;gravemente_feridos;mortos
20/01/2023;02:51:41;166,1;BR-101/SC;Crescente;Saida de pista;1;1;0;0;0;0
20/01/2023;10:25:13;57,844;BR-101/SC;Decrescente;Capotamento;0;0;1;0;0;0
20/01/2023;12:01:07;681,1;BR-376/SC;Decrescente;Capotamento;0;0;1;0;0;0
20/01/2023;15:28:26;113,2;BR-116/SC;Decrescente;Saida de pista;0;1;0;0;0;0
20/01/2023;21:03:08;97,7;BR-116/SC;Decrescente;Saida de pista;1;1;0;0;0;0
21/01/2023;04:44:33;89,5;BR-101/SC;Crescente;Capotamento;0;0;1;0;0;0
21/01/2023;05:54:26;114,15;BR-116/SC;Decrescente;Capotamento;0;1;0;0;0;0
23/01/2023;00:47:36;617,191;BR-376/SC;Decrescente;Saida de pista;0;1;0;0;0;0
23/01/2023;07:33:47;146,937;BR-101/SC;Decrescente;Saida de pista;0;1;0;0;0;0
23/01/2023;08:10:41;117,187;BR-101/SC;Crescente;Saida de pista;1;0;0;1;0;0
24/01/2023;11:56:55;667,1;BR-376/SC;Crescente;Saida de pista;0;1;0;0;0;0
30/01/2023;06:50:35;673,345;BR-376/SC;Decrescente;Tombamento;1;1;0;0;0;0
30/01/2023;08:21:19;623,123;BR-376/SC;Crescente;Saida de pista;0;1;0;0;0;0
08/02/2023;18:04:31;106,79;BR-116/SC;Crescente;Saida de pista;1;1;0;0;0;0
09/02/2023;09:05:54;108,1;BR-116/SC;Crescente;Saida de pista;0;1;0;0;0;0
12/02/2023;09:38:55;681,1;BR-376/SC;Crescente;Saida de pista;0;1;0;0;0;0
16/02/2023;14:23:12;625,796;BR-376/SC;Crescente;Tombamento;1;1;0;0;0;0
17/02/2023;09:40:46;651,1;BR-376/SC;Crescente;Saida de pista;0;0;0;0;0;0
26/02/2023;13:23:38;671,812;BR-376/SC;Decrescente;Capotamento;0;1;0;0;0;0
03/03/2023;10:35:35;620,109;BR-376/SC;Crescente;Capotamento;0;0;1;0;0;0
04/03/2023;01:14:00;202,957;BR-101/SC;Crescente;Capotamento;0;1;0;0;0;0
05/03/2023;15:07:55;219,5;BR-101/SC;Decrescente;Saida de pista;0;1;0;0;0;0
06/03/2023;10:49:32;102,3;BR-116/SC;Decrescente;Saida de pista;1;1;0;0;0;0
07/03/2023;07:44:48;194,224;BR-101/SC;Crescente;Tombamento;1;1;0;0;0;0
08/03/2023;06:11:23;217,524;BR-101/SC;Crescente;Capotamento;0;0;1;0;0;0
12/03/2023;00:37:51;128,966;BR-101/SC;Crescente;Capotamento;0;0;1;0;0;0
15/03/2023;13:57:55;129,1;BR-101/SC;Decrescente;Saida de pista;0;1;0;0;0;0
15/03/2023;14:41:48;206,1;BR-101/SC;Decrescente;Capotamento;1;0;0;0;0;0
16/03/2023;18:36:22;85,703;BR-116/SC;Decrescente;Capotamento;0;1;0;0;0;0
17/03/2023;19:19:55;106,575;BR-116/SC;Decrescente;Saida de pista;0;1;0;0;0;0
19/03/2023;07:59:44;638,7;BR-376/SC;Crescente;Saida de pista;0;1;0;0;0;0
23/03/2023;05:20:55;129,12;BR-101/SC;Crescente;Capotamento;0;0;1;0;0;0
23/03/2023;08:43:15;91,299;BR-116/SC;Decrescente;Capotamento;0;1;0;0;0;0
01/04/2023;00:54:15;213,15;BR-101/SC;Decrescente;Capotamento;0;1;0;0;0;0
01/04/2023;11:23:06;641,483;BR-376/SC;Crescente;Saida de pista;0;1;0;0;0;0
03/04/2023;15:04:01;614,824;BR-376/SC;Crescente;Tombamento;1;1;0;0;0;0
06/04/2023;08:23:38;15,321;BR-101/SC;Decrescente;Saida de pista;1;1;0;0;0;0
07/04/2023;05:04:21;56,343;BR-101/SC;Decrescente;Saida de pista;0;1;0;0;0;0
07/04/2023;07:29:17;205,1;BR-101/SC;Decrescente;Capotamento;0;1;0;0;0;0
07/04/2023;08:13:45;661,66;BR-376/SC;Decrescente;Saida de pista;0;1;0;0;0;0
07/04/2023;08:34:11;185,223;BR-101/SC;Decrescente;Capotamento;0;1;0;0;0;0
07/04/2023;09:50:38;99,2;BR-116/SC;Decrescente;Capotamento;0;1;0;0;0;0
07/04/2023;14:08:59;138,25;BR-101/SC;Decrescente;Capotamento;0;1;0;0;0;0
07/04/2023;14:35:20;205,1;BR-101/SC;Decrescente;Capotamento;0;0;0;0;0;0
07/04/2023;21:59:12;189,86;BR-101/SC;Crescente;Capotamento;0;1;1;0;0;0
08/04/2023;17:40:03;205,212;BR-101/SC;Crescente;Saida de pista;0;0;1;0;0;0
08/04/2023;22:58:38;40,622;BR-101/SC;Crescente;Capotamento;0;1;0;0;0;0
09/04/2023;01:05:26;98,5;BR-116/SC;Decrescente;Saida de pista;0;0;1;0;0;0
09/04/2023;01:34:26;670,12;BR-376/SC;Decrescente;Saida de pista;0;1;0;0;0;0
09/04/2023;01:46:37;673,98;BR-376/SC;Crescente;Tombamento;1;1;0;0;0;0
09/04/2023;07:59:52;679,422;BR-376/SC;Decrescente;Saida de pista;0;1;0;0;0;0
09/04/2023;16:56:27;658,458;BR-376/SC;Crescente;Saida de pista;0;1;0;0;0;0
09/04/2023;19:25:56;57,857;BR-101/SC;Decrescente;Saida de pista;0;1;0;0;0;0
10/04/2023;01:05:16;192,155;BR-101/SC;Crescente;Capotamento;0;1;0;0;0;0
10/04/2023;09:21:58;57,2;BR-101/SC;Crescente;Capotamento;0;0;0;1;0;0
12/04/2023;04:19:59;192,65;BR-101/SC;Decrescente;Saida de pista;0;1;0;0;0;0
12/04/2023;10:55:02;122,8;BR-101/SC;Crescente;Capotamento;0;0;1;0;0;0
12/04/2023;19:18:17;226,5;BR-101/SC;Decrescente;Capotamento;0;0;2;0;0;0
12/04/2023;19:44:46;617,5;BR-376/SC;Crescente;Capotamento;0;0;1;0;0;0
13/04/2023;00:44:12;165,541;BR-101/SC;Decrescente;Saida de pista;0;1;0;0;0;0
14/04/2023;08:38:25;191,1;BR-101/SC;Crescente;Saida de pista;0;0;0;0;0;0
14/04/2023;09:51:49;653,1;BR-376/SC;Decrescente;Capotamento;0;1;0;0;0;0
14/04/2023;11:03:39;61,158;BR-101/SC;Decrescente;Saida de pista;0;1;0;0;0;0
14/04/2023;16:30:25;665,807;BR-376/SC;Decrescente;Saida de pista;0;1;0;0;0;0
14/04/2023;17:16:46;679,1;BR-376/SC;Decrescente;Saida de pista;0;1;0;0;0;0
14/04/2023;21:00:53;660,38;BR-376/SC;Crescente;Saida de pista;0;1;0;0;0;0
14/04/2023;22:53:26;679,494;BR-376/SC;Decrescente;Capotamento;0;1;0;0;0;0
15/04/2023;00:05:19;205,22;BR-101/SC;Decrescente;Capotamento;0;1;0;0;0;0
15/04/2023;16:59:34;21,151;BR-101/SC;Decrescente;Saida de pista;0;0;1;0;0;0
15/04/2023;23:36:37;92,638;BR-116/SC;Crescente;Saida de pista;0;1;0;0;0;0
16/04/2023;03:17:03;202,622;BR-101/SC;Decrescente;Capotamento;0;1;0;0;0;0
16/04/2023;03:33:58;138,632;BR-101/SC;Decrescente;Tombamento;1;1;0;0;0;0
16/04/2023;17:04:28;88,1;BR-116/SC;Decrescente;Saida de pista;0;0;0;0;0;0
16/04/2023;22:13:36;192,15;BR-101/SC;Crescente;Capotamento;0;1;0;0;0;0
17/04/2023;10:35:04;653,544;BR-376/SC;Crescente;Saida de pista;0;0;0;0;0;0
17/04/2023;19:47:59;93,288;BR-101/SC;Decrescente;Saida de pista;0;1;0;0;0;0
17/04/2023;20:22:13;243,223;BR-101/SC;Decrescente;Saida de pista;0;1;0;0;0;0
18/04/2023;04:58:13;617,963;BR-376/SC;Decrescente;Capotamento;0;1;0;0;0;0
18/04/2023;07:39:37;144,3;BR-101/SC;Decrescente;Saida de pista;0;1;0;0;0;0
18/04/2023;09:59:19;74,99;BR-101/SC;Crescente;Saida de pista;0;1;0;0;0;0
18/04/2023;13:45:39;189,751;BR-101/SC;Decrescente;Capotamento;0;1;0;0;0;0
19/04/2023;05:47:49;626,798;BR-376/SC;Crescente;Tombamento;1;1;0;0;0;0
19/04/2023;07:05:52;204,46;BR-101/SC;Crescente;Capotamento;0;2;1;0;0;0
19/04/2023;15:09:01;189,5;BR-101/SC;Crescente;Saida de pista;0;1;0;0;0;0
19/04/2023;21:49:49;630,131;BR-376/SC;Decrescente;Saida de pista;0;1;0;0;0;0
20/04/2023;01:32:25;668,175;BR-376/SC;Decrescente;Tombamento;1;0;0;1;0;0
20/04/2023;09:21:47;213,8;BR-101/SC;Crescente;Capotamento;1;1;0;0;0;0
21/04/2023;00:31:32;114,974;BR-116/SC;Decrescente;Saida de pista;1;0;0;0;0;0
21/04/2023;01:04:25;141,64;BR-101/SC;Crescente;Saida de pista;0;1;0;0;0;0
22/04/2023;03:22:53;104,553;BR-116/SC;Crescente;Capotamento;0;1;0;0;0;0
22/04/2023;04:29:26;175,7;BR-101/SC;Crescente;Tombamento;1;1;0;0;0;0
22/04/2023;16:02:26;131,809;BR-101/SC;Crescente;Capotamento;0;1;0;0;0;0
22/04/2023;23:50:16;665,385;BR-376/SC;Decrescente;Capotamento;0;1;0;0;0;0
23/04/2023;01:09:00;128,765;BR-101/SC;Decrescente;Capotamento;0;1;0;0;0;0
23/04/2023;04:17:01;100,5;BR-116/SC;Crescente;Saida de pista;0;1;0;0;0;0
23/04/2023;20:38:29;216,266;BR-101/SC;Decrescente;Saida de pista;0;1;0;0;0;0
24/04/2023;07:15:44;48,985;BR-101/SC;Crescente;Saida de pista;0;1;0;0;0;0
24/04/2023;09:18:10;68,187;BR-101/SC;Decrescente;Saida de pista;1;1;0;0;0;0
24/04/2023;23:20:55;21,96;BR-101/SC;Decrescente;Saida de pista;1;1;0;0;0;0
25/04/2023;01:43:02;679,873;BR-376/SC;Crescente;Tombamento;1;0;1;0;0;0
25/04/2023;01:47:35;126,532;BR-101/SC;Decrescente;Capotamento;0;1;0;0;0;0
25/04/2023;06:03:13;73,11;BR-101/SC;Crescente;Saida de pista;1;1;0;0;0;0
25/04/2023;18:45:34;213,154;BR-101/SC;Crescente;Capotamento;0;0;1;0;0;0
26/04/2023;03:28:45;668,726;BR-376/SC;Decrescente;Tombamento;1;0;0;1;0;0
28/04/2023;20:05:16;107,87;BR-116/SC;Decrescente;Saida de pista;1;1;0;0;0;0
28/04/2023;21:23:23;14,1;BR-101/SC;Decrescente;Capotamento;1;0;0;0;0;0
28/04/2023;23:26:50;161,433;BR-101/SC;Decrescente;Saida de pista;0;1;0;0;0;0
30/04/2023;00:04:21;130,426;BR-101/SC;Crescente;Capotamento;0;0;1;0;0;0
30/04/2023;00:18:31;621,7;BR-376/SC;Decrescente;Saida de pista;0;1;0;0;0;0
30/04/2023;02:38:00;656,713;BR-376/SC;Decrescente;Saida de pista;0;1;0;0;0;0
30/04/2023;03:26:15;106,1;BR-116/SC;Crescente;Saida de pista;0;1;0;0;0;0
30/04/2023;21:48:32;107,1;BR-116/SC;Decrescente;Capotamento;0;1;0;0;0;0
01/05/2023;14:19:04;152,512;BR-101/SC;Crescente;Capotamento;0;0;1;0;0;0
01/05/2023;19:14:17;81,88;BR-116/SC;Decrescente;Capotamento;0;1;0;0;0;0
02/05/2023;13:44:19;622,307;BR-376/SC;Crescente;Saida de pista;0;1;0;0;0;0
03/05/2023;06:02:27;98,752;BR-116/SC;Crescente;Saida de pista;0;1;0;0;0;0
03/05/2023;19:02:22;101,496;BR-116/SC;Crescente;Saida de pista;1;1;0;0;0;0
03/05/2023;20:04:20;644,126;BR-376/SC;Decrescente;Tombamento;1;1;0;0;0;0
04/05/2023;00:31:44;660,15;BR-376/SC;Crescente;Tombamento;1;1;0;0;0;0
04/05/2023;05:13:56;196,955;BR-101/SC;Crescente;Capotamento;0;1;0;0;0;0
04/05/2023;23:53:48;18,292;BR-101/SC;Decrescente;Capotamento;0;0;1;0;0;0
06/05/2023;00:41:25;221,62;BR-101/SC;Crescente;Capotamento;0;0;1;0;0;0
06/05/2023;11:42:39;31,253;BR-101/SC;Decrescente;Capotamento;0;1;0;0;0;0
07/05/2023;07:58:56;57,872;BR-101/SC;Decrescente;Saida de pista;0;1;0;0;0;0
07/05/2023;15:22:01;91,319;BR-116/SC;Crescente;Capotamento;0;0;1;0;0;0
08/05/2023;00:28:21;138,566;BR-101/SC;Decrescente;Saida de pista;0;0;0;0;0;0
08/05/2023;11:10:29;644,193;BR-376/SC;Decrescente;Tombamento;1;0;1;0;0;0
08/05/2023;16:23:27;98,894;BR-116/SC;Crescente;Capotamento;1;1;0;0;0;0
08/05/2023;23:24:13;4,7;BR-101/SC;Decrescente;Tombamento;1;1;0;0;0;0
11/05/2023;07:12:00;100,2;BR-116/SC;Crescente;Saida de pista;0;1;0;0;0;0
12/05/2023;18:19:38;93,655;BR-116/SC;Decrescente;Capotamento;1;1;0;0;0;0
13/05/2023;01:23:14;112,884;BR-116/SC;Crescente;Capotamento;0;0;0;0;0;0
13/05/2023;03:51:01;114,737;BR-101/SC;Crescente;Capotamento;0;1;0;0;0;0
13/05/2023;20:04:59;175,192;BR-101/SC;Crescente;Saida de pista;0;1;0;0;0;0
13/05/2023;22:17:59;107,155;BR-116/SC;Crescente;Tombamento;1;0;1;0;0;0
14/05/2023;04:06:43;82,926;BR-101/SC;Crescente;Saida de pista;0;1;0;0;0;0
14/05/2023;16:14:38;671,428;BR-376/SC;Decrescente;Tombamento;1;1;0;0;0;0
15/05/2023;20:14:46;214,73;BR-101/SC;Decrescente;Saida de pista;0;1;0;0;0;0
16/05/2023;14:04:25;112,114;BR-101/SC;Crescente;Tombamento;1;1;0;0;0;0
17/05/2023;14:22:07;629,65;BR-376/SC;Decrescente;Saida de pista;0;1;0;0;0;0
17/05/2023;16:34:22;35,294;BR-101/SC;Decrescente;Capotamento;0;0;1;0;0;0
18/05/2023;11:35:19;105,377;BR-116/SC;Decrescente;Saida de pista;0;1;0;0;0;0
18/05/2023;14:42:08;645,819;BR-376/SC;Crescente;Tombamento;1;1;0;0;0;0
20/05/2023;03:53:51;95,638;BR-116/SC;Crescente;Capotamento;0;1;0;0;0;0
20/05/2023;05:02:39;237,9;BR-101/SC;Decrescente;Capotamento;0;0;1;0;0;0
20/05/2023;23:15:35;138,696;BR-101/SC;Decrescente;Capotamento;0;0;0;0;0;0
21/05/2023;02:34:02;193,629;BR-101/SC;Crescente;Capotamento;0;0;0;0;0;0
22/05/2023;07:04:25;107,729;BR-101/SC;Decrescente;Saida de pista;0;1;0;0;0;0
23/05/2023;06:44:48;121,23;BR-101/SC;Decrescente;Saida de pista;1;2;0;0;0;0
18/06/2023;18:43:38;70,942;BR-101/SC;Decrescente;Saida de pista;0;2;0;0;0;0
20/06/2023;16:52:03;642,9;BR-376/SC;Decrescente;Saida de pista;0;2;0;0;0;0
22/06/2023;00:37:54;192,65;BR-101/SC;Crescente;Capotamento;0;0;1;0;0;0
22/06/2023;09:31:32;108,1;BR-116/SC;Crescente;Saida de pista;0;0;0;0;0;0
23/06/2023;01:55:33;41,5;BR-101/SC;Crescente;Saida de pista;0;1;0;0;0;0
23/06/2023;03:01:33;623,557;BR-376/SC;Crescente;Tombamento;1;1;0;0;0;0
23/06/2023;16:09:01;128,778;BR-101/SC;Crescente;Tombamento;1;1;0;0;0;0
24/06/2023;04:42:07;206,935;BR-101/SC;Crescente;Capotamento;0;0;0;0;0;1
24/06/2023;06:17:32;215,911;BR-101/SC;Decrescente;Tombamento;0;1;0;0;0;0
25/06/2023;00:45:22;154,79;BR-101/SC;Crescente;Saida de pista;0;1;0;0;0;0
25/06/2023;05:37:00;144,426;BR-101/SC;Crescente;Saida de pista;0;1;0;0;0;0
26/06/2023;12:47:10;640,1;BR-376/SC;Decrescente;Saida de pista;1;1;0;0;0;0
29/06/2023;15:18:28;70,935;BR-101/SC;Crescente;Capotamento;0;1;0;0;0;0
30/06/2023;00:26:21;655,319;BR-376/SC;Crescente;Tombamento;1;1;0;0;0;0
30/06/2023;02:48:51;211,15;BR-101/SC;Crescente;Saida de pista;1;0;1;0;0;0
30/06/2023;17:24:50;668,884;BR-376/SC;Decrescente;Tombamento;1;0;1;0;0;0
01/07/2023;05:21:29;130,661;BR-101/SC;Crescente;Capotamento;0;0;0;0;0;0
01/07/2023;20:52:41;66,942;BR-101/SC;Decrescente;Saida de pista;0;1;0;0;0;0
02/07/2023;06:09:22;75,564;BR-101/SC;Crescente;Capotamento;0;0;1;0;0;0
02/07/2023;06:46:54;625,839;BR-376/SC;Decrescente;Saida de pista;0;1;0;0;0;0
02/07/2023;14:44:37;181,42;BR-101/SC;Crescente;Capotamento;0;1;0;0;0;0
02/07/2023;15:45:10;237,87;BR-101/SC;Decrescente;Capotamento;0;2;0;0;0;0
02/07/2023;20:48:20;168,2;BR-101/SC;Decrescente;Saida de pista;0;1;0;0;0;0
03/07/2023;00:36:27;668,746;BR-376/SC;Decrescente;Tombamento;1;1;0;0;0;0
05/07/2023;02:00:02;129,299;BR-101/SC;Decrescente;Saida de pista;0;1;0;0;0;0
05/07/2023;10:54:09;97,5;BR-101/SC;Decrescente;Capotamento;1;1;0;0;0;0
06/07/2023;02:00:24;106,85;BR-101/SC;Crescente;Capotamento;0;1;0;0;0;0
07/07/2023;03:48:47;44,9;BR-101/SC;Crescente;Saida de pista;0;1;0;0;0;0
07/07/2023;12:38:15;673,769;BR-376/SC;Decrescente;Tombamento;1;0;0;0;0;0
07/07/2023;18:15:56;160,127;BR-101/SC;Crescente;Saida de pista;0;1;0;0;0;0
08/07/2023;08:47:36;138,694;BR-101/SC;Crescente;Capotamento;0;1;0;0;0;0
08/07/2023;11:16:03;653,3;BR-376/SC;Crescente;Saida de pista;0;1;0;0;0;0
08/07/2023;21:32:02;162,129;BR-101/SC;Crescente;Saida de pista;0;0;0;0;0;0
08/07/2023;23:48:19;2,3;BR-101/SC;Decrescente;Capotamento;0;0;0;0;0;0
09/07/2023;02:05:31;151,658;BR-101/SC;Decrescente;Saida de pista;0;0;0;0;0;0
09/07/2023;03:49:19;617,152;BR-376/SC;Decrescente;Capotamento;0;0;0;0;0;0
09/07/2023;21:27:33;131,165;BR-101/SC;Crescente;Saida de pista;0;0;0;0;0;0
10/07/2023;03:28:52;100,913;BR-116/SC;Decrescente;Capotamento;0;0;0;0;0;0
10/07/2023;13:05:09;650,724;BR-376/SC;Decrescente;Capotamento;0;0;0;0;0;0
10/07/2023;16:05:01;679,481;BR-376/SC;Decrescente;Capotamento;0;0;0;0;0;0
10/07/2023;21:52:00;41,5;BR-101/SC;Decrescente;Capotamento;0;0;0;0;0;0
11/07/2023;08:02:14;653,538;BR-376/SC;Crescente;Saida de pista;0;0;0;0;0;0
12/07/2023;06:16:56;242,951;BR-101/SC;Crescente;Capotamento;0;0;0;0;0;0
12/07/2023;11:48:05;36,9;BR-101/SC;Crescente;Capotamento;0;0;0;0;0;0
12/07/2023;15:51:41;679,329;BR-376/SC;Decrescente;Tombamento;0;0;0;0;0;0
12/07/2023;21:33:12;54,1;BR-101/SC;Crescente;Saida de pista;0;0;0;0;0;0
13/07/2023;00:58:06;138,5;BR-101/SC;Crescente;Saida de pista;0;0;0;0;0;0
13/07/2023;05:40:43;132,1;BR-101/SC;Decrescente;Capotamento;0;0;0;0;0;0
13/07/2023;05:56:08;93,949;BR-116/SC;Decrescente;Capotamento;0;0;0;0;0;0
13/07/2023;08:33:17;671,765;BR-376/SC;Decrescente;Saida de pista;0;0;0;0;0;0
13/07/2023;09:53:34;8,5;BR-101/SC;Crescente;Tombamento;0;0;0;0;0;0
13/07/2023;10:21:53;7,64;BR-101/SC;Decrescente;Tombamento;0;0;0;0;0;0
13/07/2023;12:13:49;13,15;BR-101/SC;Decrescente;Tombamento;0;0;0;0;0;0
13/07/2023;20:16:40;652,8;BR-376/SC;Decrescente;Saida de pista;0;0;0;0;0;0
13/07/2023;22:52:48;626,836;BR-376/SC;Decrescente;Tombamento;0;0;0;0;0;0
15/07/2023;11:25:48;146,565;BR-101/SC;Crescente;Saida de pista;0;0;0;0;0;0
15/07/2023;16:11:49;111,98;BR-116/SC;Decrescente;Saida de pista;0;0;0;0;0;0
16/07/2023;22:50:53;649,91;BR-376/SC;Crescente;Saida de pista;0;0;0;0;0;0
17/07/2023;08:57:28;107,508;BR-116/SC;Decrescente;Capotamento;0;0;0;0;0;0
02/08/2023;11:29:05;21,819;BR-101/SC;Crescente;Capotamento;0;2;0;0;0;0
03/08/2023;15:11:25;671,5;BR-376/SC;Decrescente;Saida de pista;1;2;0;0;0;0
05/08/2023;04:48:40;114,25;BR-101/SC;Decrescente;Saida de pista;0;2;0;0;0;0
05/08/2023;04:51:19;75,451;BR-101/SC;Decrescente;Capotamento;0;0;2;0;0;0
05/08/2023;14:10:03;20,1;BR-101/SC;Crescente;Capotamento;0;0;2;0;0;0
05/08/2023;19:07:59;24,2;BR-101/SC;Decrescente;Saida de pista;0;2;0;0;0;0
06/08/2023;00:06:18;103,61;BR-101/SC;Decrescente;Capotamento;0;0;2;0;0;0
06/08/2023;01:59:13;627,63;BR-376/SC;Decrescente;Saida de pista;0;2;0;0;0;0
06/08/2023;06:06:04;126,2;BR-101/SC;Crescente;Saida de pista;0;2;0;0;0;0
06/08/2023;06:18:12;232,62;BR-101/SC;Crescente;Saida de pista;0;2;0;0;0;0
06/08/2023;18:50:26;616,798;BR-376/SC;Crescente;Capotamento;0;2;0;0;0;0
07/08/2023;14:47:52;244,52;BR-101/SC;Crescente;Saida de pista;0;2;0;0;0;0
07/08/2023;15:22:29;186,234;BR-101/SC;Decrescente;Saida de pista;0;2;0;0;0;0
07/08/2023;17:14:44;108,438;BR-101/SC;Crescente;Saida de pista;0;2;0;0;0;0
07/08/2023;17:58:14;62,488;BR-101/SC;Decrescente;Saida de pista;0;2;0;0;0;0
08/08/2023;07:11:39;48,767;BR-101/SC;Crescente;Saida de pista;0;2;0;0;0;0
08/08/2023;17:49:20;52,925;BR-101/SC;Decrescente;Saida de pista;0;2;0;0;0;0
09/08/2023;11:34:46;661,733;BR-376/SC;Decrescente;Saida de pista;0;0;0;0;0;0
09/08/2023;22:09:49;192,2;BR-101/SC;Decrescente;Saida de pista;0;2;0;0;0;0
09/08/2023;23:23:55;72,6;BR-116/SC;Crescente;Saida de pista;0;2;0;0;0;0
10/08/2023;07:36:50;92,876;BR-116/SC;Crescente;Saida de pista;0;2;0;0;0;0
10/08/2023;14:36:30;676,303;BR-376/SC;Crescente;Tombamento;1;2;0;0;0;0
10/08/2023;18:37:15;71,5;BR-101/SC;Decrescente;Saida de pista;0;2;0;0;0;0
11/08/2023;00:35:34;98,317;BR-116/SC;Crescente;Saida de pista;0;2;0;0;0;0
11/08/2023;08:47:30;57,839;BR-101/SC;Decrescente;Saida de pista;0;0;2;0;0;0
11/08/2023;13:14:23;107,223;BR-116/SC;Decrescente;Saida de pista;1;2;0;0;0;0
12/08/2023;06:23:27;668,4;BR-376/SC;Decrescente;Tombamento;1;2;0;0;0;0
12/08/2023;19:19:47;631,864;BR-376/SC;Crescente;Saida de pista;1;2;0;0;0;0
12/08/2023;20:01:10;191,1;BR-101/SC;Decrescente;Saida de pista;0;2;0;0;0;0
12/08/2023;22:28:13;109,494;BR-116/SC;Decrescente;Capotamento;0;2;0;0;0;0
13/08/2023;05:43:05;196,549;BR-101/SC;Crescente;Capotamento;0;2;0;0;0;0
13/08/2023;12:20:31;654,134;BR-376/SC;Crescente;Capotamento;0;2;0;0;0;0
13/08/2023;18:32:05;169,32;BR-101/SC;Decrescente;Saida de pista;0;0;2;0;0;0
13/08/2023;22:44:24;113,179;BR-116/SC;Crescente;Saida de pista;0;2;0;0;0;0
14/08/2023;09:24:48;3,1;BR-101/SC;Decrescente;Saida de pista;0;0;0;0;0;0
14/08/2023;09:40:00;654,1;BR-376/SC;Decrescente;Capotamento;0;0;0;2;0;0
15/08/2023;10:51:43;95,1;BR-116/SC;Crescente;Saida de pista;0;2;0;0;0;0
15/08/2023;12:07:25;165,946;BR-101/SC;Decrescente;Capotamento;0;2;0;0;0;0
15/08/2023;18:22:42;47,978;BR-101/SC;Crescente;Capotamento;0;2;0;0;0;0
16/08/2023;00:58:43;95,256;BR-116/SC;Decrescente;Saida de pista;0;0;0;0;0;0
16/08/2023;23:21:13;24,12;BR-101/SC;Crescente;Capotamento;0;2;0;0;0;0
17/08/2023;16:52:16;660,134;BR-376/SC;Decrescente;Tombamento;1;2;0;0;0;0
17/08/2023;17:23:09;204,3;BR-101/SC;Decrescente;Saida de pista;0;2;0;0;0;0
18/08/2023;23:21:49;100,399;BR-116/SC;Decrescente;Saida de pista;1;2;0;0;0;0
18/08/2023;23:40:06;98,3;BR-116/SC;Decrescente;Saida de pista;0;2;0;0;0;0
19/08/2023;02:05:55;654,108;BR-376/SC;Crescente;Capotamento;0;2;0;0;0;0
19/08/2023;05:23:35;111,504;BR-101/SC;Crescente;Tombamento;1;2;0;0;0;0
19/08/2023;07:18:03;217,53;BR-101/SC;Crescente;Saida de pista;0;2;0;0;0;0
19/08/2023;08:38:54;111,424;BR-101/SC;Decrescente;Tombamento;1;2;0;0;0;0
19/08/2023;14:21:23;94,26;BR-116/SC;Decrescente;Capotamento;0;2;0;0;0;0
20/08/2023;02:50:15;94,443;BR-101/SC;Crescente;Capotamento;0;0;2;0;0;0
20/08/2023;04:41:06;99,476;BR-116/SC;Crescente;Saida de pista;0;2;0;0;0;0
20/08/2023;06:47:57;657,7;BR-376/SC;Decrescente;Saida de pista;0;2;0;0;0;0
20/08/2023;07:03:22;239,373;BR-101/SC;Decrescente;Saida de pista;0;2;0;0;0;0
20/08/2023;08:34:59;204,1;BR-101/SC;Crescente;Saida de pista;0;2;0;0;0;0
20/08/2023;10:32:40;95,91;BR-116/SC;Crescente;Capotamento;1;2;0;0;0;0
20/08/2023;21:36:04;86,5;BR-116/SC;Decrescente;Saida de pista;0;1;0;0;0;0
21/08/2023;09:04:47;40,96;BR-101/SC;Decrescente;Capotamento;0;0;0;0;0;0